candidate_id,image_path,source,source_id,title,category,category_confidence,jewellery_relevance,duplicate_status,duplicate_of,dhash,ahash,sha256,license,width,height,jewellery_clearly_visible,single_primary_object,sufficient_object_size,useful_geometry,minimal_occlusion,useful_metal_appearance,gemstone_detail_applicable,useful_lighting,useful_background,visual_quality,design_diversity,design_redundancy,training_usefulness,final_triage,curator_notes
CAND_001,datasets/curation/full_candidates/cma_156830_ring.jpg,cma,156830,Cleveland Museum of Art Jewellery (156830),ring,MEDIUM,JEWELLERY_RELEVANT,DISTINCT,,fff3f1f8f4e9f3ff,00003c3e3f3f1f0f,416c1cce52b88b49dab16f475a8b5bedade142ee4356eb42797f852a941d38a1,CC0 1.0 Universal (Public Domain),1122,893,YES,YES,YES,YES,YES,YES,REVIEW,YES,YES,REVIEW,REVIEW,UNIQUE_DESIGN,HIGH,KEEP,AI-assisted first pass: clear jewellery candidate; visually confirm quality/diversity.
CAND_002,datasets/curation/full_candidates/cma_169258_ring.jpg,cma,169258,Cleveland Museum of Art Jewellery (169258),ring,MEDIUM,JEWELLERY_RELEVANT,DISTINCT,,cccceeceae6e6cae,000000f7ffffffff,89d4cc52302612f5efcfbc4e21d64cf8261a718a221d816b93ae225e62e44455,CC0 1.0 Universal (Public Domain),900,598,YES,YES,YES,YES,YES,YES,REVIEW,YES,YES,REVIEW,REVIEW,UNIQUE_DESIGN,HIGH,KEEP,AI-assisted first pass: clear jewellery candidate; visually confirm quality/diversity.
CAND_003,datasets/curation/full_candidates/cma_96617_ring.jpg,cma,96617,Cleveland Museum of Art Jewellery (96617),ring,MEDIUM,JEWELLERY_RELEVANT,DISTINCT,,006060707030181e,000038383cdf9fef,528398a17982dbeded4376fe637adcbef1daebb6046df5b764ffb0752289bc5b,CC0 1.0 Universal (Public Domain),900,785,YES,YES,YES,YES,YES,YES,REVIEW,YES,YES,REVIEW,REVIEW,UNIQUE_DESIGN,HIGH,KEEP,AI-assisted first pass: clear jewellery candidate; visually confirm quality/diversity.
CAND_004,datasets/curation/full_candidates/cma_124065_ring.jpg,cma,124065,Cleveland Museum of Art Jewellery (124065),ring,MEDIUM,JEWELLERY_RELEVANT,DISTINCT,,c068cccececec8a0,00000040e3e7ffff,5c21dee14d507d10225a5e084f69c4f78705c9734f8ff6e82b5a39a9048ce7c1,CC0 1.0 Universal (Public Domain),900,626,YES,YES,YES,YES,YES,YES,REVIEW,YES,YES,REVIEW,REVIEW,UNIQUE_DESIGN,HIGH,KEEP,AI-assisted first pass: clear jewellery candidate; visually confirm quality/diversity.
CAND_005,datasets/curation/full_candidates/cma_137429_ring.jpg,cma,137429,Cleveland Museum of Art Jewellery (137429),ring,MEDIUM,JEWELLERY_RELEVANT,DISTINCT,,60f28ac8316d6d2f,ffffffffff000000,adfdbe6c1ecb268762ffe7570d2b15e7d6e8d856c9140b443d65b4cf37a5f2ea,CC0 1.0 Universal (Public Domain),585,900,YES,YES,YES,YES,YES,YES,REVIEW,YES,YES,REVIEW,REVIEW,UNIQUE_DESIGN,HIGH,KEEP,AI-assisted first pass: clear jewellery candidate; visually confirm quality/diversity.
CAND_006,datasets/curation/full_candidates/cma_125638_ring.jpg,cma,125638,Cleveland Museum of Art Jewellery (125638),ring,MEDIUM,JEWELLERY_RELEVANT,DISTINCT,,00e0e0e4f4941f0f,00003c3e1effc7e7,1dce1ad4d09bcffede59580d5ce5a86c6c2075eea58885ecb3b1aea47b52382a,CC0 1.0 Universal (Public Domain),900,808,YES,YES,YES,YES,YES,YES,REVIEW,YES,YES,REVIEW,REVIEW,UNIQUE_DESIGN,HIGH,KEEP,AI-assisted first pass: clear jewellery candidate; visually confirm quality/diversity.
CAND_007,datasets/curation/full_candidates/cma_96642_ring.jpg,cma,96642,Ring,ring,HIGH,JEWELLERY_RELEVANT,NEAR_DUPLICATE_REVIEW_REQUIRED,cma_169258,d0f0f0d0dc3c9cd8,0000003cffdfffff,0cd811fbeffb84c118bdea8ad93f38df72c2621f1860e79fdcc7c38e402d9b43,CC0 1.0 Universal (Public Domain),900,866,YES,YES,YES,YES,YES,YES,REVIEW,YES,YES,REVIEW,REVIEW,SAME_DESIGN_DIFFERENT_VIEW,REVIEW,REVIEW,AI-assisted first pass: jewellery candidate flagged for near/exact duplicate comparison.
CAND_008,datasets/curation/full_candidates/cma_127227_ring.jpg,cma,127227,"Church Bells Ringing, Rainy Winter Night",ring,LOW,NOT_JEWELLERY,DISTINCT,,0f2f2e048595d359,e7f7f7f0e0e00000,11e54ccfb50adcd4d0b750270f38073a042b81eb325795acefaafaecb8970ad4,CC0 1.0 Universal (Public Domain),587,900,NO,NO,NO,NO,YES,NO,NOT_APPLICABLE,REVIEW,REVIEW,REVIEW,NOT_APPLICABLE,UNIQUE_DESIGN,LOW,REJECT,AI-assisted first pass: non-wearable/non-jewellery candidate; human confirmation recommended.
CAND_009,datasets/curation/full_candidates/cma_144941_ring.jpg,cma,144941,Thumb Ring,ring,HIGH,JEWELLERY_RELEVANT,DISTINCT,,0278d0c4c4f6170f,00003c7c7effffff,656f3b5c77fdffaf954d77361030fe13b4b1b973e78572432814d31b1ff852b8,CC0 1.0 Universal (Public Domain),900,749,YES,YES,YES,YES,YES,YES,REVIEW,YES,YES,REVIEW,REVIEW,UNIQUE_DESIGN,HIGH,KEEP,AI-assisted first pass: clear jewellery candidate; visually confirm quality/diversity.
CAND_010,datasets/curation/full_candidates/cma_116825_ring.jpg,cma,116825,Ring,ring,HIGH,JEWELLERY_RELEVANT,DISTINCT,,000c0e2716060c00,fff7c3c3c3e3e7ff,6bddef9dbd72440ad2f76edd55e4766e8fd287452054dac8742c58becf2be04c,CC0 1.0 Universal (Public Domain),750,678,YES,YES,YES,YES,YES,YES,REVIEW,YES,YES,REVIEW,REVIEW,UNIQUE_DESIGN,HIGH,KEEP,AI-assisted first pass: clear jewellery candidate; visually confirm quality/diversity.
CAND_011,datasets/curation/full_candidates/cma_137437_ring.jpg,cma,137437,"The prince, with the help of Mukhlis who changes into a frog, recovers the ring lost in the sea, and returns it to the king, from a Tuti-nama (Tales of a Parrot): Eighteenth Night",ring,LOW,NOT_JEWELLERY,DISTINCT,,592c643119111119,ffffffff00000080,d5bfddace7c58920246404f1a7718ad5b3772d9dd21d5058977f977d13a06979,CC0 1.0 Universal (Public Domain),585,900,NO,NO,NO,NO,YES,NO,NOT_APPLICABLE,REVIEW,REVIEW,REVIEW,NOT_APPLICABLE,UNIQUE_DESIGN,LOW,REJECT,AI-assisted first pass: non-wearable/non-jewellery candidate; human confirmation recommended.
CAND_012,datasets/curation/full_candidates/cma_124068_ring.jpg,cma,124068,Ring,ring,HIGH,JEWELLERY_RELEVANT,NEAR_DUPLICATE_REVIEW_REQUIRED,cma_96642,c0c040f0f0e04080,0000003c7efeffff,2b8846f8cb44b5a7fe8a3af4a8b7d3ca7cde3e47627c7178809fc2e2c5344ea9,CC0 1.0 Universal (Public Domain),900,696,YES,YES,YES,YES,YES,YES,REVIEW,YES,YES,REVIEW,REVIEW,SAME_DESIGN_DIFFERENT_VIEW,REVIEW,REVIEW,AI-assisted first pass: jewellery candidate flagged for near/exact duplicate comparison.
CAND_013,datasets/curation/full_candidates/cma_113908_ring.jpg,cma,113908,Peacock Ring,ring,HIGH,JEWELLERY_RELEVANT,DISTINCT,,030b092b3b130f1f,fff9e9f9c9c1c3c7,549614f3ca92fafbf61d0161ecae3ed7bc22ac881c9d330761efe99b29759cb7,CC0 1.0 Universal (Public Domain),849,893,YES,YES,YES,YES,YES,YES,REVIEW,YES,YES,REVIEW,REVIEW,UNIQUE_DESIGN,HIGH,KEEP,AI-assisted first pass: clear jewellery candidate; visually confirm quality/diversity.
CAND_014,datasets/curation/full_candidates/cma_148019_ring.jpg,cma,148019,Ring,ring,HIGH,JEWELLERY_RELEVANT,DISTINCT,,d8f8e0f0e8f0f0f0,0008383c1c3cffff,66e3fe9a3c32c166fa723d66af302189e58824de35ff38f159bfb447789dce88,CC0 1.0 Universal (Public Domain),795,900,YES,YES,YES,YES,YES,YES,REVIEW,YES,YES,REVIEW,REVIEW,UNIQUE_DESIGN,HIGH,KEEP,AI-assisted first pass: clear jewellery candidate; visually confirm quality/diversity.
CAND_015,datasets/curation/full_candidates/cma_95494_ring.jpg,cma,95494,Ring,ring,HIGH,JEWELLERY_RELEVANT,DISTINCT,,000070f8f4f00000,0000007e7e3c00ff,343c7c795829362c3c7d1c7a08a53ab5ce1750f811e81139544d9d6a7d2dd2df,CC0 1.0 Universal (Public Domain),900,605,YES,YES,YES,YES,YES,YES,REVIEW,YES,YES,REVIEW,REVIEW,UNIQUE_DESIGN,HIGH,KEEP,AI-assisted first pass: clear jewellery candidate; visually confirm quality/diversity.
CAND_016,datasets/curation/full_candidates/cma_95516_ring.jpg,cma,95516,Signet Ring,ring,HIGH,JEWELLERY_RELEVANT,DISTINCT,,2a0068686878168f,0000003c3e3e0003,b03417319de8fff75cbc30063285ed37a5aa57ca34d32dfbcc5763a8536aaf97,CC0 1.0 Universal (Public Domain),900,580,YES,YES,YES,YES,YES,YES,REVIEW,YES,YES,REVIEW,REVIEW,UNIQUE_DESIGN,HIGH,KEEP,AI-assisted first pass: clear jewellery candidate; visually confirm quality/diversity.
CAND_017,datasets/curation/full_candidates/cma_169272_ring.jpg,cma,169272,Palanquin Ring,ring,LOW,NOT_JEWELLERY,DISTINCT,,e8f2f8c8ccccf050,ffff7f7e66000000,fbed22e00b9389e5ed028f0653398cc4feda18aea111fc08b110706145994779,CC0 1.0 Universal (Public Domain),896,900,NO,NO,NO,NO,YES,NO,NOT_APPLICABLE,REVIEW,REVIEW,REVIEW,NOT_APPLICABLE,UNIQUE_DESIGN,LOW,REJECT,AI-assisted first pass: non-wearable/non-jewellery candidate; human confirmation recommended.
CAND_018,datasets/curation/full_candidates/cma_112276_ring.jpg,cma,112276,Arm Ring,ring,HIGH,JEWELLERY_RELEVANT,DISTINCT,,001c161707070747,0000c7c3c3e1f3ff,a3b3857967a59da14b192e5f9dafcbc52c7a09f2f582e785a867d69f491d79c7,CC0 1.0 Universal (Public Domain),566,893,YES,YES,YES,YES,YES,YES,REVIEW,YES,YES,REVIEW,REVIEW,UNIQUE_DESIGN,HIGH,KEEP,AI-assisted first pass: clear jewellery candidate; visually confirm quality/diversity.
CAND_019,datasets/curation/full_candidates/cma_152815_ring.jpg,cma,152815,Finger Ring with Figure of Nike,ring,HIGH,JEWELLERY_RELEVANT,DISTINCT,,0008141213171630,fffcc00000c3c3ff,363ae1540e835018f0a98b56b155eab1bed39fffdee172b4a247918c32d26a20,CC0 1.0 Universal (Public Domain),950,893,YES,YES,YES,YES,YES,YES,REVIEW,YES,YES,REVIEW,REVIEW,UNIQUE_DESIGN,HIGH,KEEP,AI-assisted first pass: clear jewellery candidate; visually confirm quality/diversity.
CAND_020,datasets/curation/full_candidates/cma_95223_ring.jpg,cma,95223,Ring with Hippocampus,ring,HIGH,JEWELLERY_RELEVANT,DISTINCT,,06943030b42e17e6,0000081edfdfc3ff,d3c9318a5133278ff38f0d3a644b339d2e5d22109caee09113691f3c68c80a00,CC0 1.0 Universal (Public Domain),750,680,YES,YES,YES,YES,YES,YES,REVIEW,YES,YES,REVIEW,REVIEW,UNIQUE_DESIGN,HIGH,KEEP,AI-assisted first pass: clear jewellery candidate; visually confirm quality/diversity.
CAND_021,datasets/curation/full_candidates/cma_127721_ring.jpg,cma,127721,Ring,ring,HIGH,JEWELLERY_RELEVANT,DISTINCT,,00000006060c8800,00c0f0f0c0c6ffff,789d5178799cbdf5f2022cedb8b2ab446d72893f6518fcd490a7a915001dd3af,CC0 1.0 Universal (Public Domain),750,616,YES,YES,YES,YES,YES,YES,REVIEW,YES,YES,REVIEW,REVIEW,UNIQUE_DESIGN,HIGH,KEEP,AI-assisted first pass: clear jewellery candidate; visually confirm quality/diversity.
CAND_022,datasets/curation/full_candidates/cma_144316_ring.jpg,cma,144316,Ring Money,ring,HIGH,JEWELLERY_RELEVANT,DISTINCT,,0b31790d4971170f,003cfc84acbc81c3,88669a8dccec8bc7bed691363f1d586f0a5be69233a6a2cd7732e2c7d79c2a9d,CC0 1.0 Universal (Public Domain),737,893,YES,YES,YES,YES,YES,YES,REVIEW,YES,YES,REVIEW,REVIEW,UNIQUE_DESIGN,HIGH,KEEP,AI-assisted first pass: clear jewellery candidate; visually confirm quality/diversity.
CAND_023,datasets/curation/full_candidates/cma_125634_ring.jpg,cma,125634,Thumb Ring,ring,HIGH,JEWELLERY_RELEVANT,NEAR_DUPLICATE_REVIEW_REQUIRED,cma_144941,0070f0e8f8f03107,0000383e7effffe3,88a247561958db4fb9711b7cdd1e19e1c0472ce717144da78e227ca6b069879d,CC0 1.0 Universal (Public Domain),900,672,YES,YES,YES,YES,YES,YES,REVIEW,YES,YES,REVIEW,REVIEW,SAME_DESIGN_DIFFERENT_VIEW,REVIEW,REVIEW,AI-assisted first pass: jewellery candidate flagged for near/exact duplicate comparison.
CAND_024,datasets/curation/full_candidates/cma_97471_ring.jpg,cma,97471,Ring,ring,HIGH,JEWELLERY_RELEVANT,NEAR_DUPLICATE_REVIEW_REQUIRED,cma_169258,f6f6f0b5939696f0,0000003fffffffff,5ef57ac11e2010c292578f3350058a19dee186bd7b1cfc64280a55c79609bdda,CC0 1.0 Universal (Public Domain),750,682,YES,YES,YES,YES,YES,YES,REVIEW,YES,YES,REVIEW,REVIEW,SAME_DESIGN_DIFFERENT_VIEW,REVIEW,REVIEW,AI-assisted first pass: jewellery candidate flagged for near/exact duplicate comparison.
CAND_025,datasets/curation/full_candidates/cma_95256_ring.jpg,cma,95256,Spiral Ring with Isis and Serapis,ring,HIGH,JEWELLERY_RELEVANT,DISTINCT,,00002c373c270604,e0f8e2818783c3ff,c0971ba6e3140e457a2be4f1982162dc456589e2f9d3b11e419d39fac2aef823,CC0 1.0 Universal (Public Domain),1038,893,YES,YES,YES,YES,YES,YES,REVIEW,YES,YES,REVIEW,REVIEW,UNIQUE_DESIGN,HIGH,KEEP,AI-assisted first pass: clear jewellery candidate; visually confirm quality/diversity.
CAND_026,datasets/curation/full_candidates/cma_140087_ring.jpg,cma,140087,Finger Ring,ring,HIGH,JEWELLERY_RELEVANT,DISTINCT,,0018387870e80c1c,ffe81c1c1800c7cf,9eb7282b94782ba0c19ed4f4a4ef9285aaaf0b48b8d4a1608afdd9d8dd140966,CC0 1.0 Universal (Public Domain),1002,893,YES,YES,YES,YES,YES,YES,REVIEW,YES,YES,REVIEW,REVIEW,UNIQUE_DESIGN,HIGH,KEEP,AI-assisted first pass: clear jewellery candidate; visually confirm quality/diversity.
CAND_027,datasets/curation/full_candidates/cma_97012_ring.jpg,cma,97012,Finger Ring with Frog,ring,HIGH,JEWELLERY_RELEVANT,DISTINCT,,1616071f3333370e,ffefc3839b99c3e7,9219b31935ab189b29e9f711d2171e0a28812b2259bc832062747f5efa9f53ba,CC0 1.0 Universal (Public Domain),883,893,YES,YES,YES,YES,YES,YES,REVIEW,YES,YES,REVIEW,REVIEW,UNIQUE_DESIGN,HIGH,KEEP,AI-assisted first pass: clear jewellery candidate; visually confirm quality/diversity.
CAND_028,datasets/curation/full_candidates/cma_112308_ring.jpg,cma,112308,Monster Face: Door Ring Holder (Pushou),ring,HIGH,JEWELLERY_RELEVANT,DISTINCT,,0060f0a0c6a62080,f83810787280f0ff,0520686fa1461f2a0939c6054b9faf185cfa90fae25ab004a717d6f016ba540c,CC0 1.0 Universal (Public Domain),750,627,YES,YES,YES,YES,YES,YES,REVIEW,YES,YES,REVIEW,REVIEW,UNIQUE_DESIGN,HIGH,KEEP,AI-assisted first pass: clear jewellery candidate; visually confirm quality/diversity.
CAND_029,datasets/curation/full_candidates/cma_125636_ring.jpg,cma,125636,Cleveland Museum of Art Jewellery (125636),ring,MEDIUM,JEWELLERY_RELEVANT,DISTINCT,,00f0f0f8f8f87133,00003c3c3c7effdb,fe8e312036d98c61d325f8b77eb7afcca60fc04c4b306a1a276e7664345225b0,CC0 1.0 Universal (Public Domain),900,773,YES,YES,YES,YES,YES,YES,REVIEW,YES,YES,REVIEW,REVIEW,UNIQUE_DESIGN,HIGH,KEEP,AI-assisted first pass: clear jewellery candidate; visually confirm quality/diversity.
CAND_030,datasets/curation/full_candidates/cma_125637_ring.jpg,cma,125637,Cleveland Museum of Art Jewellery (125637),ring,MEDIUM,JEWELLERY_RELEVANT,NEAR_DUPLICATE_REVIEW_REQUIRED,cma_144941,0070f0e0f0f03317,00003c3c3cffffff,256eaf5fde4104ef74c96c1f8d680805a2ab3afff679282f707f6f241d9710e1,CC0 1.0 Universal (Public Domain),900,774,YES,YES,YES,YES,YES,YES,REVIEW,YES,YES,REVIEW,REVIEW,SAME_DESIGN_DIFFERENT_VIEW,REVIEW,REVIEW,AI-assisted first pass: jewellery candidate flagged for near/exact duplicate comparison.
CAND_031,datasets/curation/full_candidates/cma_152837_ring.jpg,cma,152837,Cleveland Museum of Art Jewellery (152837),ring,MEDIUM,JEWELLERY_RELEVANT,NEAR_DUPLICATE_REVIEW_REQUIRED,cma_144941,006070684c4c6830,0000183c66ffffff,fc0a27e0e3929b13607b053ce8a3c4ae5dd91f00285161ac5440e0c28c8e5b93,CC0 1.0 Universal (Public Domain),1026,893,YES,YES,YES,YES,YES,YES,REVIEW,YES,YES,REVIEW,REVIEW,SAME_DESIGN_DIFFERENT_VIEW,REVIEW,REVIEW,AI-assisted first pass: jewellery candidate flagged for near/exact duplicate comparison.
CAND_032,datasets/curation/full_candidates/cma_125639_ring.jpg,cma,125639,Cleveland Museum of Art Jewellery (125639),ring,MEDIUM,JEWELLERY_RELEVANT,DISTINCT,,00e0e8ecbcb41b1b,00307c3e0effffc7,4753334fcd3672b4afd888e9bff9c1a6c63956f9345dbfbe78296a170d692868,CC0 1.0 Universal (Public Domain),900,825,YES,YES,YES,YES,YES,YES,REVIEW,YES,YES,REVIEW,REVIEW,UNIQUE_DESIGN,HIGH,KEEP,AI-assisted first pass: clear jewellery candidate; visually confirm quality/diversity.
CAND_033,datasets/curation/full_candidates/cma_95483_earring.jpg,cma,95483,Earring with Openwork,earring,HIGH,JEWELLERY_RELEVANT,NEAR_DUPLICATE_REVIEW_REQUIRED,cma_97471,bfe97373f3cff7df,0000093f3fe7ffff,f4c0d44bc620cb1f6d296018ac5e146befc2cbc516d41dac4fea5737634c29ae,CC0 1.0 Universal (Public Domain),825,893,YES,YES,YES,YES,YES,YES,REVIEW,YES,YES,REVIEW,REVIEW,SAME_DESIGN_DIFFERENT_VIEW,REVIEW,REVIEW,AI-assisted first pass: jewellery candidate flagged for near/exact duplicate comparison.
CAND_034,datasets/curation/full_candidates/cma_161873_earring.jpg,cma,161873,"Parure: Necklace, Pendant, Earrings",earring,HIGH,JEWELLERY_RELEVANT,DISTINCT,,70e8d4d4c4e07030,003c267e3e3c1c00,bddf7134d4c7dc5adfa1d5e6b5411f28040eeac18871d6f115421be79f4a61f5,CC0 1.0 Universal (Public Domain),900,735,YES,YES,YES,YES,YES,YES,REVIEW,YES,YES,REVIEW,REVIEW,UNIQUE_DESIGN,HIGH,KEEP,AI-assisted first pass: clear jewellery candidate; visually confirm quality/diversity.
CAND_035,datasets/curation/full_candidates/cma_113910_earring.jpg,cma,113910,Pendant Earring,earring,HIGH,JEWELLERY_RELEVANT,DISTINCT,,307068e8e0ccccec,00183c3c3e3c7c00,3852ed454c68ee560074ab4249e4fc124e739d0bbe5278dc441ae2e597a431e8,CC0 1.0 Universal (Public Domain),603,893,YES,YES,YES,YES,YES,YES,REVIEW,YES,YES,REVIEW,REVIEW,UNIQUE_DESIGN,HIGH,KEEP,AI-assisted first pass: clear jewellery candidate; visually confirm quality/diversity.
CAND_036,datasets/curation/full_candidates/cma_152011_earring.jpg,cma,152011,Earring,earring,HIGH,JEWELLERY_RELEVANT,DISTINCT,,98dcda5b33929adc,00006bfff9fbff6e,fa3041eb816803ded8c67107234e6b258e81bf467dbafc51ae41986fcd5667f5,CC0 1.0 Universal (Public Domain),900,513,YES,YES,YES,YES,YES,YES,REVIEW,YES,YES,REVIEW,REVIEW,UNIQUE_DESIGN,HIGH,KEEP,AI-assisted first pass: clear jewellery candidate; visually confirm quality/diversity.
CAND_037,datasets/curation/full_candidates/cma_152012_earring.jpg,cma,152012,Earring,earring,HIGH,JEWELLERY_RELEVANT,DISTINCT,,9070d0d8ccece0f0,000018eff7f7fe3c,61570e78d8cac08b75a5b31265c607d289e63268034f33592af1294ec3b37efa,CC0 1.0 Universal (Public Domain),770,893,YES,YES,YES,YES,YES,YES,REVIEW,YES,YES,REVIEW,REVIEW,UNIQUE_DESIGN,HIGH,KEEP,AI-assisted first pass: clear jewellery candidate; visually confirm quality/diversity.
CAND_038,datasets/curation/full_candidates/cma_125210_earring.jpg,cma,125210,Earrings (pair),earring,HIGH,JEWELLERY_RELEVANT,NEAR_DUPLICATE_REVIEW_REQUIRED,cma_169258,8022c3cc88373b23,000000ffffffffff,a23339a258915ab570cae07ef3bfe58e0722fcf379aea3b63895cb11a12c7280,CC0 1.0 Universal (Public Domain),900,856,YES,YES,YES,YES,YES,YES,REVIEW,YES,YES,REVIEW,REVIEW,SAME_DESIGN_DIFFERENT_VIEW,REVIEW,REVIEW,AI-assisted first pass: jewellery candidate flagged for near/exact duplicate comparison.
CAND_039,datasets/curation/full_candidates/cma_148322_earring.jpg,cma,148322,Earring,earring,HIGH,JEWELLERY_RELEVANT,DISTINCT,,80923223233333c0,0010db99b1c1d9ff,82ed3c469ddb43742acd6a68c5965d4262a09887b1a70396f7b81863363f6be8,CC0 1.0 Universal (Public Domain),790,900,YES,YES,YES,YES,YES,YES,REVIEW,YES,YES,REVIEW,REVIEW,UNIQUE_DESIGN,HIGH,KEEP,AI-assisted first pass: clear jewellery candidate; visually confirm quality/diversity.
CAND_040,datasets/curation/full_candidates/cma_125211_earring.jpg,cma,125211,Earring (one of a pair),earring,HIGH,JEWELLERY_RELEVANT,NEAR_DUPLICATE_REVIEW_REQUIRED,cma_125210,a02243cc98333333,000000ffffffffff,10ec13d117c3b29ddc4baaf3c5b2507d9bf204f539ad0a512419d35a6ce1e8da,CC0 1.0 Universal (Public Domain),750,713,YES,YES,YES,YES,YES,YES,REVIEW,YES,YES,REVIEW,REVIEW,SAME_DESIGN_DIFFERENT_VIEW,REVIEW,REVIEW,AI-assisted first pass: jewellery candidate flagged for near/exact duplicate comparison.
CAND_041,datasets/curation/full_candidates/cma_125212_earring.jpg,cma,125212,Earring (one of a pair),earring,HIGH,JEWELLERY_RELEVANT,EXACT_DUPLICATE,cma_125211,a02243cc98333333,000000ffffffffff,10ec13d117c3b29ddc4baaf3c5b2507d9bf204f539ad0a512419d35a6ce1e8da,CC0 1.0 Universal (Public Domain),750,713,YES,YES,YES,YES,YES,YES,REVIEW,YES,YES,REVIEW,REVIEW,SAME_DESIGN_DIFFERENT_VIEW,HIGH,KEEP,"AI-assisted first pass: strongest-resolution file in exact SHA-256 duplicate group; retain, but verify visually."
CAND_042,datasets/curation/full_candidates/cma_152013_earring.jpg,cma,152013,Earring,earring,HIGH,JEWELLERY_RELEVANT,DISTINCT,,00109c8c8c9c98c0,0000eee7c7cfeefc,8923339760bd91a6e742e99373e23ac9f4a0407cad84220753b6a650d874e4fd,CC0 1.0 Universal (Public Domain),807,893,YES,YES,YES,YES,YES,YES,REVIEW,YES,YES,REVIEW,REVIEW,UNIQUE_DESIGN,HIGH,KEEP,AI-assisted first pass: clear jewellery candidate; visually confirm quality/diversity.
CAND_043,datasets/curation/full_candidates/cma_148323_earring.jpg,cma,148323,Earring,earring,HIGH,JEWELLERY_RELEVANT,DISTINCT,,00302321313b33e0,0098f89999899bff,18ae829771ed550ba99d186825939c9edff3fd8a5754a5f4399143b64b6fc7fb,CC0 1.0 Universal (Public Domain),729,900,YES,YES,YES,YES,YES,YES,REVIEW,YES,YES,REVIEW,REVIEW,UNIQUE_DESIGN,HIGH,KEEP,AI-assisted first pass: clear jewellery candidate; visually confirm quality/diversity.
CAND_044,datasets/curation/full_candidates/cma_94681_earring.jpg,cma,94681,Pair of Deity Earrings with Vishnu on Garuda (front) and chepu (monster mask) (back),earring,HIGH,JEWELLERY_RELEVANT,DISTINCT,,44cccca8cccccc4c,0024667e7e76ffff,81858fee640fd5b7fd79d2876722577b0195ceb8d849397d0b9b645b92672cf8,CC0 1.0 Universal (Public Domain),900,636,YES,YES,YES,YES,YES,YES,REVIEW,YES,YES,REVIEW,REVIEW,UNIQUE_DESIGN,HIGH,KEEP,AI-assisted first pass: clear jewellery candidate; visually confirm quality/diversity.
CAND_045,datasets/curation/full_candidates/cma_94780_earring.jpg,cma,94780,Pair of Earrings with Four-Armed Vishnu Riding Garuda with Nagas (serpent divinities),earring,HIGH,JEWELLERY_RELEVANT,NEAR_DUPLICATE_REVIEW_REQUIRED,cma_94681,00cccccccccccccc,000024667e7effff,574b953853d71a990aa9df598e64650609562f79a40da4262c7c91c47762ad57,CC0 1.0 Universal (Public Domain),900,605,YES,YES,YES,YES,YES,YES,REVIEW,YES,YES,REVIEW,REVIEW,SAME_DESIGN_DIFFERENT_VIEW,REVIEW,REVIEW,AI-assisted first pass: jewellery candidate flagged for near/exact duplicate comparison.
CAND_046,datasets/curation/full_candidates/cma_94775_earring.jpg,cma,94775,Pair of Earrings with Vishnu Riding Garuda,earring,HIGH,JEWELLERY_RELEVANT,NEAR_DUPLICATE_REVIEW_REQUIRED,cma_94780,00ccccccccccc8c8,000000646e7effff,6894f74437d65af927e2ec66894b732de97696fd0e8cc3d872c9f9cb2ab27e4d,CC0 1.0 Universal (Public Domain),900,688,YES,YES,YES,YES,YES,YES,REVIEW,YES,YES,REVIEW,REVIEW,SAME_DESIGN_DIFFERENT_VIEW,REVIEW,REVIEW,AI-assisted first pass: jewellery candidate flagged for near/exact duplicate comparison.
CAND_047,datasets/curation/full_candidates/cma_94782_earring.jpg,cma,94782,Earring with Four-Armed Vishnu Riding Garuda with Nagas (serpent divinities),earring,HIGH,JEWELLERY_RELEVANT,NEAR_DUPLICATE_REVIEW_REQUIRED,cma_144941,207070f0f0e8e820,0000383c7e7cffff,4a27653c3c15da99979cf3b2980d437a95a48dc5d268bd6aaa8beb9e2075c464,CC0 1.0 Universal (Public Domain),744,900,YES,YES,YES,YES,YES,YES,REVIEW,YES,YES,REVIEW,REVIEW,SAME_DESIGN_DIFFERENT_VIEW,REVIEW,REVIEW,AI-assisted first pass: jewellery candidate flagged for near/exact duplicate comparison.
CAND_048,datasets/curation/full_candidates/cma_94781_earring.jpg,cma,94781,Earring with Four-Armed Vishnu Riding Garuda with Nagas (serpent divinities),earring,HIGH,JEWELLERY_RELEVANT,NEAR_DUPLICATE_REVIEW_REQUIRED,cma_94782,007070f8f0f8f830,0000183c7e7effff,8405b9f729af052065bbff975514cacedd2a305dda60cdd80991e62335aa63b9,CC0 1.0 Universal (Public Domain),744,900,YES,YES,YES,YES,YES,YES,REVIEW,YES,YES,REVIEW,REVIEW,SAME_DESIGN_DIFFERENT_VIEW,REVIEW,REVIEW,AI-assisted first pass: jewellery candidate flagged for near/exact duplicate comparison.
CAND_049,datasets/curation/full_candidates/cma_94777_earring.jpg,cma,94777,Earring with Vishnu Riding Garuda,earring,HIGH,JEWELLERY_RELEVANT,NEAR_DUPLICATE_REVIEW_REQUIRED,cma_94781,1030707060e8e860,000010183c7effff,47db0ede457f69ff39f1eb36b5f3dfef353e3a95324d5f90aedb14d144ad5552,CC0 1.0 Universal (Public Domain),675,900,YES,YES,YES,YES,YES,YES,REVIEW,YES,YES,REVIEW,REVIEW,SAME_DESIGN_DIFFERENT_VIEW,REVIEW,REVIEW,AI-assisted first pass: jewellery candidate flagged for near/exact duplicate comparison.
CAND_050,datasets/curation/full_candidates/cma_128364_earring.jpg,cma,128364,Young Woman Arranging Her Earring,earring,LOW,NOT_JEWELLERY,DISTINCT,,868f0b331bc8b465,ffe3c1c180645610,0062e062e82a45fb0d0d724817eaa5234f163c359c2cf06222c4fcc6e21b5a2b,CC0 1.0 Universal (Public Domain),748,900,NO,NO,NO,NO,YES,NO,NOT_APPLICABLE,REVIEW,REVIEW,REVIEW,NOT_APPLICABLE,UNIQUE_DESIGN,LOW,REJECT,AI-assisted first pass: non-wearable/non-jewellery candidate; human confirmation recommended.
CAND_051,datasets/curation/full_candidates/cma_94776_earring.jpg,cma,94776,Earring with Vishnu Riding Garuda,earring,HIGH,JEWELLERY_RELEVANT,NEAR_DUPLICATE_REVIEW_REQUIRED,cma_148019,1030707068687878,0000183c3c3cffff,8d5d1c3dd1a47c061fa96e4bcb20ee3d49c5174064e73cc5bb429db7c013ce42,CC0 1.0 Universal (Public Domain),602,900,YES,YES,YES,YES,YES,YES,REVIEW,YES,YES,REVIEW,REVIEW,SAME_DESIGN_DIFFERENT_VIEW,REVIEW,REVIEW,AI-assisted first pass: jewellery candidate flagged for near/exact duplicate comparison.
CAND_052,datasets/curation/full_candidates/cma_153775_earring.jpg,cma,153775,Earring,earring,HIGH,JEWELLERY_RELEVANT,DISTINCT,,fcec8e868686cce8,0027f7f3c3e72700,c9ac0f7b86f8cb2be330a18f9a96489f88ae0aad16af8585a91222b80a234049,CC0 1.0 Universal (Public Domain),554,893,YES,YES,YES,YES,YES,YES,REVIEW,YES,YES,REVIEW,REVIEW,UNIQUE_DESIGN,HIGH,KEEP,AI-assisted first pass: clear jewellery candidate; visually confirm quality/diversity.
CAND_053,datasets/curation/full_candidates/cma_125057_earring.jpg,cma,125057,Crescent-Shaped Earring,earring,HIGH,JEWELLERY_RELEVANT,DISTINCT,,60e8c8c8d494d022,ffff6c2c00002cff,779fa2663cdabd823f4c400f3bbe3f647a06611b4949ff1821c8400de5c64de0,CC0 1.0 Universal (Public Domain),690,893,YES,YES,YES,YES,YES,YES,REVIEW,YES,YES,REVIEW,REVIEW,UNIQUE_DESIGN,HIGH,KEEP,AI-assisted first pass: clear jewellery candidate; visually confirm quality/diversity.
CAND_054,datasets/curation/full_candidates/cma_95589_earring.jpg,cma,95589,Earring,earring,HIGH,JEWELLERY_RELEVANT,DISTINCT,,0000200444060000,0000f8f8fefaf4fc,034ea39aad4de3f2c1d7bfe02dea67b41232a149481be92ef620e6dc083ca5cb,CC0 1.0 Universal (Public Domain),1124,893,YES,YES,YES,YES,YES,YES,REVIEW,YES,YES,REVIEW,REVIEW,UNIQUE_DESIGN,HIGH,KEEP,AI-assisted first pass: clear jewellery candidate; visually confirm quality/diversity.
CAND_055,datasets/curation/full_candidates/cma_152309_earring.jpg,cma,152309,Earrings,earring,HIGH,JEWELLERY_RELEVANT,NEAR_DUPLICATE_REVIEW_REQUIRED,cma_125210,f8f0f2b2b2b2b2e0,000000dbdbdbffff,d1c556efceec649f3ca61f27599c0ff789fa48597683e43426d78ac01e5e4c0b,CC0 1.0 Universal (Public Domain),900,776,YES,YES,YES,YES,YES,YES,REVIEW,YES,YES,REVIEW,REVIEW,SAME_DESIGN_DIFFERENT_VIEW,REVIEW,REVIEW,AI-assisted first pass: jewellery candidate flagged for near/exact duplicate comparison.
CAND_056,datasets/curation/full_candidates/cma_108843_earring.jpg,cma,108843,Cleveland Museum of Art Jewellery (108843),earring,MEDIUM,JEWELLERY_RELEVANT,NEAR_DUPLICATE_REVIEW_REQUIRED,cma_125637,01707030381c183b,00001c1c1ccfffff,4a1e4b4d451e552ee4093c531b4c94629aca8f91d13b19e04cffb02fc79d3352,CC0 1.0 Universal (Public Domain),679,893,YES,YES,YES,YES,YES,YES,REVIEW,YES,YES,REVIEW,REVIEW,SAME_DESIGN_DIFFERENT_VIEW,REVIEW,REVIEW,AI-assisted first pass: jewellery candidate flagged for near/exact duplicate comparison.
CAND_057,datasets/curation/full_candidates/cma_94682_earring.jpg,cma,94682,Cleveland Museum of Art Jewellery (94682),earring,MEDIUM,JEWELLERY_RELEVANT,NEAR_DUPLICATE_REVIEW_REQUIRED,cma_148019,3270e8d4f0f03010,00183c7e7c3cffff,2206b3d8776b0e31868d031e1646d168683a12c6c5bed38d7b4f46805b1f19f8,CC0 1.0 Universal (Public Domain),775,900,YES,YES,YES,YES,YES,YES,REVIEW,YES,YES,REVIEW,REVIEW,SAME_DESIGN_DIFFERENT_VIEW,REVIEW,REVIEW,AI-assisted first pass: jewellery candidate flagged for near/exact duplicate comparison.
CAND_058,datasets/curation/full_candidates/cma_148321_earring.jpg,cma,148321,Cleveland Museum of Art Jewellery (148321),earring,MEDIUM,JEWELLERY_RELEVANT,DISTINCT,,80c454545457558c,0060eeecc080c3ff,bf29da9c0f7b0abb90257ecdde094171ae3cc189ef492aac59ce0b7e02a0ae6b,CC0 1.0 Universal (Public Domain),900,555,YES,YES,YES,YES,YES,YES,REVIEW,YES,YES,REVIEW,REVIEW,UNIQUE_DESIGN,HIGH,KEEP,AI-assisted first pass: clear jewellery candidate; visually confirm quality/diversity.
CAND_059,datasets/curation/full_candidates/cma_96654_earring.jpg,cma,96654,Cleveland Museum of Art Jewellery (96654),earring,MEDIUM,JEWELLERY_RELEVANT,DISTINCT,,8a8d0c4c0e0d4c4c,efe7e7e7e7e7e7ff,b6878995d5247e85667adef98a8b126c3771e7ece968298ca41fc92710844a60,CC0 1.0 Universal (Public Domain),607,900,YES,YES,YES,YES,YES,YES,REVIEW,YES,YES,REVIEW,REVIEW,UNIQUE_DESIGN,HIGH,KEEP,AI-assisted first pass: clear jewellery candidate; visually confirm quality/diversity.
CAND_060,datasets/curation/full_candidates/cma_96655_earring.jpg,cma,96655,Cleveland Museum of Art Jewellery (96655),earring,MEDIUM,JEWELLERY_RELEVANT,NEAR_DUPLICATE_REVIEW_REQUIRED,cma_96654,088c0c8c8c0c0c0c,ffe7e7e7e7e7e7ff,d2f6fc01a8bde519458de4a67e978fb9381930dd7c78b16a35ede83075fbc91d,CC0 1.0 Universal (Public Domain),653,900,YES,YES,YES,YES,YES,YES,REVIEW,YES,YES,REVIEW,REVIEW,SAME_DESIGN_DIFFERENT_VIEW,REVIEW,REVIEW,AI-assisted first pass: jewellery candidate flagged for near/exact duplicate comparison.
CAND_061,datasets/curation/full_candidates/cma_95540_earring.jpg,cma,95540,Cleveland Museum of Art Jewellery (95540),earring,MEDIUM,JEWELLERY_RELEVANT,NEAR_DUPLICATE_REVIEW_REQUIRED,cma_125637,30307060687054d4,0018183c3cffffff,d4166c986b07e07b5acb6cd22cc8ac583d00b88c90d1927250918ef1944a3ec1,CC0 1.0 Universal (Public Domain),742,900,YES,YES,YES,YES,YES,YES,REVIEW,YES,YES,REVIEW,REVIEW,SAME_DESIGN_DIFFERENT_VIEW,REVIEW,REVIEW,AI-assisted first pass: jewellery candidate flagged for near/exact duplicate comparison.
CAND_062,datasets/curation/full_candidates/cma_96464_earring.jpg,cma,96464,Cleveland Museum of Art Jewellery (96464),earring,MEDIUM,JEWELLERY_RELEVANT,DISTINCT,,f0cccc8e8e8e8e80,00e7e7c3c3c3c3ff,5969ad7ba0ce9a05ea02f0ac2c8301d49b76dd9f341b760b1e1d62552b4179c1,CC0 1.0 Universal (Public Domain),770,900,YES,YES,YES,YES,YES,YES,REVIEW,YES,YES,REVIEW,REVIEW,UNIQUE_DESIGN,HIGH,KEEP,AI-assisted first pass: clear jewellery candidate; visually confirm quality/diversity.
CAND_063,datasets/curation/full_candidates/cma_130309_pendant.jpg,cma,130309,Disk Pendant (akrafokɔnmu),pendant,HIGH,JEWELLERY_RELEVANT,DISTINCT,,20362f0f0f070f0c,0000818181c3ffff,94fe0d7a07953375ec546a1e759cc965ee987190d6c25e72d3f30e27fdac558d,CC0 1.0 Universal (Public Domain),869,900,YES,YES,YES,YES,YES,YES,REVIEW,YES,YES,REVIEW,REVIEW,UNIQUE_DESIGN,HIGH,KEEP,AI-assisted first pass: clear jewellery candidate; visually confirm quality/diversity.
CAND_064,datasets/curation/full_candidates/cma_123778_pendant.jpg,cma,123778,Disk Pendant (akrafokɔnmu),pendant,HIGH,JEWELLERY_RELEVANT,NEAR_DUPLICATE_REVIEW_REQUIRED,cma_124065,20ac8e0f0f0e0c00,000000c3c3e7ffff,ab516049c84f82cf018ea7a12f49dea394bdb615ef504ffe931b657b39a1fa83,CC0 1.0 Universal (Public Domain),900,824,YES,YES,YES,YES,YES,YES,REVIEW,YES,YES,REVIEW,REVIEW,SAME_DESIGN_DIFFERENT_VIEW,REVIEW,REVIEW,AI-assisted first pass: jewellery candidate flagged for near/exact duplicate comparison.
CAND_065,datasets/curation/full_candidates/cma_167682_pendant.jpg,cma,167682,Pendant Brooch,pendant,HIGH,JEWELLERY_RELEVANT,DISTINCT,,10f0f07070303030,00383c3c18181800,b46fb119672981c54c8e593e8a9d867c839d140c90bace8b95219bb3e203538a,CC0 1.0 Universal (Public Domain),660,893,YES,YES,YES,YES,YES,YES,REVIEW,YES,YES,REVIEW,REVIEW,UNIQUE_DESIGN,HIGH,KEEP,AI-assisted first pass: clear jewellery candidate; visually confirm quality/diversity.
CAND_066,datasets/curation/full_candidates/cma_160506_pendant.jpg,cma,160506,Figure Pendant,pendant,HIGH,JEWELLERY_RELEVANT,DISTINCT,,f4f8f8f0f0f0f0c8,00001c3e1e3f7fff,1b664cb7a63bd1e856b3cf9598838ec071b37cfae3d54e15149d3cfa6c43b4e5,CC0 1.0 Universal (Public Domain),991,893,YES,YES,YES,YES,YES,YES,REVIEW,YES,YES,REVIEW,REVIEW,UNIQUE_DESIGN,HIGH,KEEP,AI-assisted first pass: clear jewellery candidate; visually confirm quality/diversity.
CAND_067,datasets/curation/full_candidates/cma_134178_pendant.jpg,cma,134178,Bird Pendant,pendant,HIGH,JEWELLERY_RELEVANT,DISTINCT,,f0f096d4f0f0f0f0,00005a7e3c3c3cfc,9a1fe3b6919971c14728dab31977804264851653c59440ca0efb1c47fe1b4308,CC0 1.0 Universal (Public Domain),1093,893,YES,YES,YES,YES,YES,YES,REVIEW,YES,YES,REVIEW,REVIEW,UNIQUE_DESIGN,HIGH,KEEP,AI-assisted first pass: clear jewellery candidate; visually confirm quality/diversity.
CAND_068,datasets/curation/full_candidates/cma_142837_pendant.jpg,cma,142837,Pendant,pendant,HIGH,JEWELLERY_RELEVANT,NEAR_DUPLICATE_REVIEW_REQUIRED,cma_123778,ffef97070f8fedf6,00000383c3ffffff,a39e658d51f8d7cb489676ac7c82b45384a15fb1c79d8356168c8dc158f664b0,CC0 1.0 Universal (Public Domain),685,900,YES,YES,YES,YES,YES,YES,REVIEW,YES,YES,REVIEW,REVIEW,SAME_DESIGN_DIFFERENT_VIEW,REVIEW,REVIEW,AI-assisted first pass: jewellery candidate flagged for near/exact duplicate comparison.
CAND_069,datasets/curation/full_candidates/cma_125587_pendant.jpg,cma,125587,Pendant Triptych with an Onyx Cameo of the Nativity,pendant,HIGH,JEWELLERY_RELEVANT,DISTINCT,,303170f0f0d4d4d4,0018183c3c7e7e3c,f1e9fcdb2f20061d2365bca4ec8e5ae4be82cc169db08c0602048279c83d2e50,CC0 1.0 Universal (Public Domain),594,893,YES,YES,YES,YES,YES,YES,REVIEW,YES,YES,REVIEW,REVIEW,UNIQUE_DESIGN,HIGH,KEEP,AI-assisted first pass: clear jewellery candidate; visually confirm quality/diversity.
CAND_070,datasets/curation/full_candidates/cma_118479_pendant.jpg,cma,118479,Animal-Headed Figure Pendant,pendant,HIGH,JEWELLERY_RELEVANT,NEAR_DUPLICATE_REVIEW_REQUIRED,cma_148019,00f8e868f0307830,00183c3c3c1cfcff,dc9f16db03d968527f7d10c63b29e6703589c7e08db143a7c076d07bb1d7b4d2,CC0 1.0 Universal (Public Domain),1012,893,YES,YES,YES,YES,YES,YES,REVIEW,YES,YES,REVIEW,REVIEW,SAME_DESIGN_DIFFERENT_VIEW,REVIEW,REVIEW,AI-assisted first pass: jewellery candidate flagged for near/exact duplicate comparison.
CAND_071,datasets/curation/full_candidates/cma_123041_pendant.jpg,cma,123041,Lobster Pendant,pendant,HIGH,JEWELLERY_RELEVANT,NEAR_DUPLICATE_REVIEW_REQUIRED,cma_94777,0070707070706848,0000181838fcfeff,a8f6342a2071c9fb1ce773c68eb807e3253f97e1eef580b78fb96a257cfbd30e,CC0 1.0 Universal (Public Domain),900,806,YES,YES,YES,YES,YES,YES,REVIEW,YES,YES,REVIEW,REVIEW,SAME_DESIGN_DIFFERENT_VIEW,REVIEW,REVIEW,AI-assisted first pass: jewellery candidate flagged for near/exact duplicate comparison.
CAND_072,datasets/curation/full_candidates/cma_123039_pendant.jpg,cma,123039,Bird Pendant,pendant,HIGH,JEWELLERY_RELEVANT,DISTINCT,,0030f0ccf0f0cc00,0000187e3c3c7e00,fb1613735872d4ad75333fac3be4bd5f787400b2e69b074cc7e5497c682dc890,CC0 1.0 Universal (Public Domain),991,893,YES,YES,YES,YES,YES,YES,REVIEW,YES,YES,REVIEW,REVIEW,UNIQUE_DESIGN,HIGH,KEEP,AI-assisted first pass: clear jewellery candidate; visually confirm quality/diversity.
CAND_073,datasets/curation/full_candidates/cma_129898_pendant.jpg,cma,129898,Pendant,pendant,HIGH,JEWELLERY_RELEVANT,NEAR_DUPLICATE_REVIEW_REQUIRED,cma_125210,0030102226061707,000000fbffe7e7ff,77d297c6efb7787b8be4cf155a8c703c36ed6c2c141677eb790f1f5d8de6567f,CC0 1.0 Universal (Public Domain),964,893,YES,YES,YES,YES,YES,YES,REVIEW,YES,YES,REVIEW,REVIEW,SAME_DESIGN_DIFFERENT_VIEW,REVIEW,REVIEW,AI-assisted first pass: jewellery candidate flagged for near/exact duplicate comparison.
CAND_074,datasets/curation/full_candidates/cma_129226_pendant.jpg,cma,129226,Pendant: Face in Crescent,pendant,HIGH,JEWELLERY_RELEVANT,DISTINCT,,090f170f0f6b610f,ffef83838181ffff,8a3dc73691edf7b0a5494c2fc3a3e20a8f57569b3905f8a8f751d75ee09a7ed8,CC0 1.0 Universal (Public Domain),750,738,YES,YES,YES,YES,YES,YES,REVIEW,YES,YES,REVIEW,REVIEW,UNIQUE_DESIGN,HIGH,KEEP,AI-assisted first pass: clear jewellery candidate; visually confirm quality/diversity.
CAND_075,datasets/curation/full_candidates/cma_141926_pendant.jpg,cma,141926,Bird Pendant,pendant,HIGH,JEWELLERY_RELEVANT,NEAR_DUPLICATE_REVIEW_REQUIRED,cma_124068,806cd84c50f8ccc4,000004243cfeffff,a7dddb2b2d818dff1a6c88c72cc323c25ff5b6b658463903bd036215bde2a620,CC0 1.0 Universal (Public Domain),975,893,YES,YES,YES,YES,YES,YES,REVIEW,YES,YES,REVIEW,REVIEW,SAME_DESIGN_DIFFERENT_VIEW,REVIEW,REVIEW,AI-assisted first pass: jewellery candidate flagged for near/exact duplicate comparison.
CAND_076,datasets/curation/full_candidates/cma_157567_pendant.jpg,cma,157567,Octagonal Pendant with Corinthian Column Spacers and Clasp Set ,pendant,HIGH,JEWELLERY_RELEVANT,NEAR_DUPLICATE_REVIEW_REQUIRED,cma_161873,f2b2ccf1f0f0f0f2,0018663c3c3c1c00,9168adf896e655041b2226a196b5711598eb1b9d9023da0b1d0b2d4dad4e93a0,CC0 1.0 Universal (Public Domain),762,900,YES,YES,YES,YES,YES,YES,REVIEW,YES,YES,REVIEW,REVIEW,SAME_DESIGN_DIFFERENT_VIEW,REVIEW,REVIEW,AI-assisted first pass: jewellery candidate flagged for near/exact duplicate comparison.
CAND_077,datasets/curation/full_candidates/cma_115163_pendant.jpg,cma,115163,Disk Pendant (akrafokɔnmu),pendant,HIGH,JEWELLERY_RELEVANT,NEAR_DUPLICATE_REVIEW_REQUIRED,cma_130309,80cc0e1f0f1f0e00,0000008183c3ffff,d128632ddde811eb56518861f1da2d5fd60a6a9a4b112198e87d7876fb095c82,CC0 1.0 Universal (Public Domain),808,900,YES,YES,YES,YES,YES,YES,REVIEW,YES,YES,REVIEW,REVIEW,SAME_DESIGN_DIFFERENT_VIEW,REVIEW,REVIEW,AI-assisted first pass: jewellery candidate flagged for near/exact duplicate comparison.
CAND_078,datasets/curation/full_candidates/cma_160142_pendant.jpg,cma,160142,Animal-Headed Figure Pendant,pendant,HIGH,JEWELLERY_RELEVANT,NEAR_DUPLICATE_REVIEW_REQUIRED,cma_157567,00d0f0f06060c800,00007e3c3c3c3c00,a718b468245075da602387a2553d0e70431580e4101ce597f3d09c4d94552c97,CC0 1.0 Universal (Public Domain),719,893,YES,YES,YES,YES,YES,YES,REVIEW,YES,YES,REVIEW,REVIEW,SAME_DESIGN_DIFFERENT_VIEW,REVIEW,REVIEW,AI-assisted first pass: jewellery candidate flagged for near/exact duplicate comparison.
CAND_079,datasets/curation/full_candidates/cma_154807_pendant.jpg,cma,154807,Pendant,pendant,HIGH,JEWELLERY_RELEVANT,DISTINCT,,0703030703171616,e3e1e1e1c1c1c3ff,721501cbdda13f2e06e0577fffe0e9f196771727d5db67b6a6b70581de7b05f3,CC0 1.0 Universal (Public Domain),714,893,YES,YES,YES,YES,YES,YES,REVIEW,YES,YES,REVIEW,REVIEW,UNIQUE_DESIGN,HIGH,KEEP,AI-assisted first pass: clear jewellery candidate; visually confirm quality/diversity.
CAND_080,datasets/curation/full_candidates/cma_172471_pendant.jpg,cma,172471,Feline Pendant,pendant,HIGH,JEWELLERY_RELEVANT,DISTINCT,,0409191b0f0b171f,ffffffe9818181c3,362c60fbd2c501f412bb36829cb508e1c208bfc90f80c6438a7126719378f16f,CC0 1.0 Universal (Public Domain),900,675,YES,YES,YES,YES,YES,YES,REVIEW,YES,YES,REVIEW,REVIEW,UNIQUE_DESIGN,HIGH,KEEP,AI-assisted first pass: clear jewellery candidate; visually confirm quality/diversity.
CAND_081,datasets/curation/full_candidates/cma_172387_pendant.jpg,cma,172387,Figural Pendant,pendant,HIGH,JEWELLERY_RELEVANT,NEAR_DUPLICATE_REVIEW_REQUIRED,cma_125637,3070f0f0d4707070,00183c3c3cffffff,fbf3041189991dbf75e6b5e9dd8e1103d00c90b4d09ba287595047e41f9133e0,CC0 1.0 Universal (Public Domain),675,900,YES,YES,YES,YES,YES,YES,REVIEW,YES,YES,REVIEW,REVIEW,SAME_DESIGN_DIFFERENT_VIEW,REVIEW,REVIEW,AI-assisted first pass: jewellery candidate flagged for near/exact duplicate comparison.
CAND_082,datasets/curation/full_candidates/cma_129836_pendant.jpg,cma,129836,Pendant: Crocodile,pendant,HIGH,JEWELLERY_RELEVANT,NEAR_DUPLICATE_REVIEW_REQUIRED,cma_124068,fcdcfaf8f8dae6f0,0000001e7e7fffff,126339b881936bc2d59ed9e3a77d56fa940d38ab7ab360ff040aea34b0b07e15,CC0 1.0 Universal (Public Domain),1263,786,YES,YES,YES,YES,YES,YES,REVIEW,YES,YES,REVIEW,REVIEW,SAME_DESIGN_DIFFERENT_VIEW,REVIEW,REVIEW,AI-assisted first pass: jewellery candidate flagged for near/exact duplicate comparison.
CAND_083,datasets/curation/full_candidates/cma_132047_pendant.jpg,cma,132047,Pendant: Face,pendant,HIGH,JEWELLERY_RELEVANT,NEAR_DUPLICATE_REVIEW_REQUIRED,cma_130309,df333b3b1f8eceec,0001898183c7ffff,1ff2ac29b04fe06183df682a1def9e85819fda8ee7e6655a39d23bdeae9a9ecd,CC0 1.0 Universal (Public Domain),598,893,YES,YES,YES,YES,YES,YES,REVIEW,YES,YES,REVIEW,REVIEW,SAME_DESIGN_DIFFERENT_VIEW,REVIEW,REVIEW,AI-assisted first pass: jewellery candidate flagged for near/exact duplicate comparison.
CAND_084,datasets/curation/full_candidates/cma_157568_pendant.jpg,cma,157568,Octagonal Pendant,pendant,HIGH,JEWELLERY_RELEVANT,DISTINCT,,0e0f0f1133171707,ffe381818181c3ff,537ac5b9cf337e11c66bfe46f44717ef0dfa33d4e18d8df56dd8aadd6998de88,CC0 1.0 Universal (Public Domain),720,900,YES,YES,YES,YES,YES,YES,REVIEW,YES,YES,REVIEW,REVIEW,UNIQUE_DESIGN,HIGH,KEEP,AI-assisted first pass: clear jewellery candidate; visually confirm quality/diversity.
CAND_085,datasets/curation/full_candidates/cma_118475_pendant.jpg,cma,118475,Pendant,pendant,HIGH,JEWELLERY_RELEVANT,NEAR_DUPLICATE_REVIEW_REQUIRED,cma_94776,00e87070686868a0,0000383c3c3cfcfe,ff0b0da44a4edf293af3c3e7d55661e0d4e0435ae35c63dfb81dcb6e4cb592f1,CC0 1.0 Universal (Public Domain),924,893,YES,YES,YES,YES,YES,YES,REVIEW,YES,YES,REVIEW,REVIEW,SAME_DESIGN_DIFFERENT_VIEW,REVIEW,REVIEW,AI-assisted first pass: jewellery candidate flagged for near/exact duplicate comparison.
CAND_086,datasets/curation/full_candidates/cma_125101_pendant.jpg,cma,125101,Figural Pendant,pendant,HIGH,JEWELLERY_RELEVANT,NEAR_DUPLICATE_REVIEW_REQUIRED,cma_118475,00303070f0e82820,0000183c7cfcfcfe,ad5424cd578e7fd5c72e4d1ea16b771575a5dc67604754fff778eacf9fe2a79f,CC0 1.0 Universal (Public Domain),735,893,YES,YES,YES,YES,YES,YES,REVIEW,YES,YES,REVIEW,REVIEW,SAME_DESIGN_DIFFERENT_VIEW,REVIEW,REVIEW,AI-assisted first pass: jewellery candidate flagged for near/exact duplicate comparison.
CAND_087,datasets/curation/full_candidates/cma_155432_pendant.jpg,cma,155432,Crocodile Pendant,pendant,HIGH,JEWELLERY_RELEVANT,NEAR_DUPLICATE_REVIEW_REQUIRED,cma_125637,a0f0f0f0f0cccc20,00003c3c3ce7e7ff,d70a7d26472d9403d6e7f0a1284cb3c052ea5014d436748d289040df20bcc000,CC0 1.0 Universal (Public Domain),879,893,YES,YES,YES,YES,YES,YES,REVIEW,YES,YES,REVIEW,REVIEW,SAME_DESIGN_DIFFERENT_VIEW,REVIEW,REVIEW,AI-assisted first pass: jewellery candidate flagged for near/exact duplicate comparison.
CAND_088,datasets/curation/full_candidates/met_444532_pendant.jpg,met,444532,Ewer Base with Zodiac Medallions,pendant,HIGH,JEWELLERY_RELEVANT,NEAR_DUPLICATE_REVIEW_REQUIRED,cma_157568,cc0f371f1f1f0f8f,ffc38183c3c3c3ff,4167ccb503538557ef0c89ecd5fad3ad00bd4ba7cce25af623d91ec6dca335c4,CC0 1.0 Universal (Public Domain),548,624,YES,YES,YES,YES,YES,YES,REVIEW,YES,YES,REVIEW,REVIEW,SAME_DESIGN_DIFFERENT_VIEW,REVIEW,REVIEW,AI-assisted first pass: jewellery candidate flagged for near/exact duplicate comparison.
CAND_089,datasets/curation/full_candidates/met_547933_pendant.jpg,met,547933,Pendant:  Osiris and Isis of Canopus,pendant,HIGH,JEWELLERY_RELEVANT,NEAR_DUPLICATE_REVIEW_REQUIRED,cma_116825,040617170f171f0f,fff7c3c3c3c3c3ff,315558623548dc439d1da723ae14f1625a9fbd35803014117d88ac042d307af7,CC0 1.0 Universal (Public Domain),568,625,YES,YES,YES,YES,YES,YES,REVIEW,YES,YES,REVIEW,REVIEW,SAME_DESIGN_DIFFERENT_VIEW,REVIEW,REVIEW,AI-assisted first pass: jewellery candidate flagged for near/exact duplicate comparison.
CAND_090,datasets/curation/full_candidates/met_207259_pendant.jpg,met,207259,Pendant with the Virgin and Child,pendant,HIGH,JEWELLERY_RELEVANT,NEAR_DUPLICATE_REVIEW_REQUIRED,met_547933,0c0e0f070f0f0e08,ffe7c3c383c3c7ff,1358b7bb8e66e328b73eff91a40d359bc81ff51ac2619e7f34704c0e106b6138,CC0 1.0 Universal (Public Domain),518,624,YES,YES,YES,YES,YES,YES,REVIEW,YES,YES,REVIEW,REVIEW,SAME_DESIGN_DIFFERENT_VIEW,REVIEW,REVIEW,AI-assisted first pass: jewellery candidate flagged for near/exact duplicate comparison.
CAND_091,datasets/curation/full_candidates/met_449929_pendant.jpg,met,449929,Pendant with Lion and Scorpion,pendant,HIGH,JEWELLERY_RELEVANT,NEAR_DUPLICATE_REVIEW_REQUIRED,met_547933,8c8c0e0f070f8f8f,ffffc3c381c3c3ff,6d6166d97bd6834b4b8169eed03503d314f66d77b2ff6ea799e2ae4e4b3e593e,CC0 1.0 Universal (Public Domain),600,609,YES,YES,YES,YES,YES,YES,REVIEW,YES,YES,REVIEW,REVIEW,SAME_DESIGN_DIFFERENT_VIEW,REVIEW,REVIEW,AI-assisted first pass: jewellery candidate flagged for near/exact duplicate comparison.
CAND_092,datasets/curation/full_candidates/cma_169593_pendant.jpg,cma,169593,Cleveland Museum of Art Jewellery (169593),pendant,MEDIUM,JEWELLERY_RELEVANT,NEAR_DUPLICATE_REVIEW_REQUIRED,cma_94777,e0e870f0f0f0f0c0,000000183cffffff,8591a7672ccf543bd56ae814945ac9ead92aa22388c93c11b35f450e87315e22,CC0 1.0 Universal (Public Domain),709,900,YES,YES,YES,YES,YES,YES,REVIEW,YES,YES,REVIEW,REVIEW,SAME_DESIGN_DIFFERENT_VIEW,REVIEW,REVIEW,AI-assisted first pass: jewellery candidate flagged for near/exact duplicate comparison.
CAND_093,datasets/curation/full_candidates/cma_126673_pendant.jpg,cma,126673,Cleveland Museum of Art Jewellery (126673),pendant,MEDIUM,JEWELLERY_RELEVANT,NEAR_DUPLICATE_REVIEW_REQUIRED,cma_94776,0030706060701000,000018383cfcffff,f60741c0ab55d0c0af05751e203a785e1530451b78c63f71990f0371bf4dbf01,CC0 1.0 Universal (Public Domain),1166,893,YES,YES,YES,YES,YES,YES,REVIEW,YES,YES,REVIEW,REVIEW,SAME_DESIGN_DIFFERENT_VIEW,REVIEW,REVIEW,AI-assisted first pass: jewellery candidate flagged for near/exact duplicate comparison.
CAND_094,datasets/curation/full_candidates/cma_94773_pendant.jpg,cma,94773,Cleveland Museum of Art Jewellery (94773),pendant,MEDIUM,JEWELLERY_RELEVANT,NEAR_DUPLICATE_REVIEW_REQUIRED,cma_118479,1070e8f4ece8f0f1,00183c3c3e7e3cff,7dd7701096f443906795ce3a1aca5ea87c2115a2a3d781d5354ef3e83e0cb51b,CC0 1.0 Universal (Public Domain),838,900,YES,YES,YES,YES,YES,YES,REVIEW,YES,YES,REVIEW,REVIEW,SAME_DESIGN_DIFFERENT_VIEW,REVIEW,REVIEW,AI-assisted first pass: jewellery candidate flagged for near/exact duplicate comparison.
CAND_095,datasets/curation/full_candidates/cma_128185_pendant.jpg,cma,128185,Cleveland Museum of Art Jewellery (128185),pendant,MEDIUM,JEWELLERY_RELEVANT,NEAR_DUPLICATE_REVIEW_REQUIRED,cma_123778,fef28c0e1e1c0e84,000000e7e7e7ffff,035bd7e3ae91eced4aa80b02d8b2f750e94e333ef043402b313da5ba37a361e6,CC0 1.0 Universal (Public Domain),773,893,YES,YES,YES,YES,YES,YES,REVIEW,YES,YES,REVIEW,REVIEW,SAME_DESIGN_DIFFERENT_VIEW,REVIEW,REVIEW,AI-assisted first pass: jewellery candidate flagged for near/exact duplicate comparison.
CAND_096,datasets/curation/full_candidates/cma_123038_pendant.jpg,cma,123038,Cleveland Museum of Art Jewellery (123038),pendant,MEDIUM,JEWELLERY_RELEVANT,DISTINCT,,ca36863727271f69,003fffc3c181c7ff,aaf3bbd2070c6e73cd715a5675c928c072817cc853b02cd864a9820bba152614,CC0 1.0 Universal (Public Domain),1263,795,YES,YES,YES,YES,YES,YES,REVIEW,YES,YES,REVIEW,REVIEW,UNIQUE_DESIGN,HIGH,KEEP,AI-assisted first pass: clear jewellery candidate; visually confirm quality/diversity.
CAND_097,datasets/curation/full_candidates/cma_130373_pendant.jpg,cma,130373,Cleveland Museum of Art Jewellery (130373),pendant,MEDIUM,JEWELLERY_RELEVANT,NEAR_DUPLICATE_REVIEW_REQUIRED,cma_152309,fce8ceb33386cef8,0000001bdbc3ffff,9deda7922271273d17c13ea2fa3536911e487549efddc0d352b02d1eaf3f9ee3,CC0 1.0 Universal (Public Domain),930,893,YES,YES,YES,YES,YES,YES,REVIEW,YES,YES,REVIEW,REVIEW,SAME_DESIGN_DIFFERENT_VIEW,REVIEW,REVIEW,AI-assisted first pass: jewellery candidate flagged for near/exact duplicate comparison.
CAND_098,datasets/curation/full_candidates/cma_128824_pendant.jpg,cma,128824,Cleveland Museum of Art Jewellery (128824),pendant,MEDIUM,JEWELLERY_RELEVANT,DISTINCT,,1c163616071b190b,ffdfdfffc1c1c1c1,45b2838c6582683ace0991fc0fcbf0809674f323fb4353d2c636b3a1a43b0fcc,CC0 1.0 Universal (Public Domain),596,900,YES,YES,YES,YES,YES,YES,REVIEW,YES,YES,REVIEW,REVIEW,UNIQUE_DESIGN,HIGH,KEEP,AI-assisted first pass: clear jewellery candidate; visually confirm quality/diversity.
CAND_099,datasets/curation/full_candidates/cma_148724_pendant.jpg,cma,148724,Cleveland Museum of Art Jewellery (148724),pendant,MEDIUM,JEWELLERY_RELEVANT,NEAR_DUPLICATE_REVIEW_REQUIRED,cma_157568,0e070729313f0fcc,fff7c1818181c3ff,2b5f54e896eb69cd543fd5084dbf75bab2adaf3443a4658589cc6373ea6ff638,CC0 1.0 Universal (Public Domain),764,893,YES,YES,YES,YES,YES,YES,REVIEW,YES,YES,REVIEW,REVIEW,SAME_DESIGN_DIFFERENT_VIEW,REVIEW,REVIEW,AI-assisted first pass: jewellery candidate flagged for near/exact duplicate comparison.
CAND_100,datasets/curation/full_candidates/cma_128825_pendant.jpg,cma,128825,Cleveland Museum of Art Jewellery (128825),pendant,MEDIUM,JEWELLERY_RELEVANT,DISTINCT,,2b0f0f3b696d6535,ffe3c18100853c80,36fefbc5143cee22c8542c907fc4f691ba492d71315bc3e8a824a28de402a93e,CC0 1.0 Universal (Public Domain),761,900,YES,YES,YES,YES,YES,YES,REVIEW,YES,YES,REVIEW,REVIEW,UNIQUE_DESIGN,HIGH,KEEP,AI-assisted first pass: clear jewellery candidate; visually confirm quality/diversity.
CAND_101,datasets/curation/full_candidates/cma_130310_pendant.jpg,cma,130310,Cleveland Museum of Art Jewellery (130310),pendant,MEDIUM,JEWELLERY_RELEVANT,DISTINCT,,7006170f0f717133,ffe7c3818118fdff,87a2f437b3f3b5a140d83d92b0f8537557b5117c666039e9caa7af67ff998653,CC0 1.0 Universal (Public Domain),1183,893,YES,YES,YES,YES,YES,YES,REVIEW,YES,YES,REVIEW,REVIEW,UNIQUE_DESIGN,HIGH,KEEP,AI-assisted first pass: clear jewellery candidate; visually confirm quality/diversity.
CAND_102,datasets/curation/full_candidates/cma_128159_pendant.jpg,cma,128159,Cleveland Museum of Art Jewellery (128159),pendant,MEDIUM,JEWELLERY_RELEVANT,NEAR_DUPLICATE_REVIEW_REQUIRED,cma_160142,80c8cce8e8f8f000,00007e3c3c3c3c00,99ce87d031db6cfebcb4a45178448a646f508b1f2fe7303cbad654cd5d6e6b08,CC0 1.0 Universal (Public Domain),1263,758,YES,YES,YES,YES,YES,YES,REVIEW,YES,YES,REVIEW,REVIEW,SAME_DESIGN_DIFFERENT_VIEW,REVIEW,REVIEW,AI-assisted first pass: jewellery candidate flagged for near/exact duplicate comparison.
CAND_103,datasets/curation/full_candidates/cma_160346_pendant.jpg,cma,160346,Cleveland Museum of Art Jewellery (160346),pendant,MEDIUM,JEWELLERY_RELEVANT,NEAR_DUPLICATE_REVIEW_REQUIRED,cma_160142,0040e8e8e871d000,00007e7e3c3c3800,841ddf459e3c7ca0b2ef2a7e6043da794ad1c82ec88a0d9702e068c5e6a05d9a,CC0 1.0 Universal (Public Domain),750,616,YES,YES,YES,YES,YES,YES,REVIEW,YES,YES,REVIEW,REVIEW,SAME_DESIGN_DIFFERENT_VIEW,REVIEW,REVIEW,AI-assisted first pass: jewellery candidate flagged for near/exact duplicate comparison.
CAND_104,datasets/curation/full_candidates/cma_121810_pendant.jpg,cma,121810,Cleveland Museum of Art Jewellery (121810),pendant,MEDIUM,JEWELLERY_RELEVANT,NEAR_DUPLICATE_REVIEW_REQUIRED,cma_157568,8f1f3733170f0f0f,e7c381818183c7ff,98bd8058646346d043661ff5f232465e552f2f7b411d6b95b7e8a0a5ee81811c,CC0 1.0 Universal (Public Domain),731,893,YES,YES,YES,YES,YES,YES,REVIEW,YES,YES,REVIEW,REVIEW,SAME_DESIGN_DIFFERENT_VIEW,REVIEW,REVIEW,AI-assisted first pass: jewellery candidate flagged for near/exact duplicate comparison.
CAND_105,datasets/curation/full_candidates/cma_125175_pendant.jpg,cma,125175,Cleveland Museum of Art Jewellery (125175),pendant,MEDIUM,JEWELLERY_RELEVANT,NEAR_DUPLICATE_REVIEW_REQUIRED,cma_148019,a278f870f0f070f0,00003c1c1c3cffff,5bb618b984551c0a576f6ad3142777c6f85b55bbc6bc164d00212f8db98153c8,CC0 1.0 Universal (Public Domain),889,893,YES,YES,YES,YES,YES,YES,REVIEW,YES,YES,REVIEW,REVIEW,SAME_DESIGN_DIFFERENT_VIEW,REVIEW,REVIEW,AI-assisted first pass: jewellery candidate flagged for near/exact duplicate comparison.
CAND_106,datasets/curation/full_candidates/cma_138879_pendant.jpg,cma,138879,Cleveland Museum of Art Jewellery (138879),pendant,MEDIUM,JEWELLERY_RELEVANT,NEAR_DUPLICATE_REVIEW_REQUIRED,cma_124068,048010f8e8cc0104,0000003c7effffff,cbcd1e60d4c9ff78ab90eeeac0a0b29ea9e81bbe45e0f602ecf75bd9ab0c098d,CC0 1.0 Universal (Public Domain),1224,893,YES,YES,YES,YES,YES,YES,REVIEW,YES,YES,REVIEW,REVIEW,SAME_DESIGN_DIFFERENT_VIEW,REVIEW,REVIEW,AI-assisted first pass: jewellery candidate flagged for near/exact duplicate comparison.
CAND_107,datasets/curation/full_candidates/cma_123037_pendant.jpg,cma,123037,Cleveland Museum of Art Jewellery (123037),pendant,MEDIUM,JEWELLERY_RELEVANT,NEAR_DUPLICATE_REVIEW_REQUIRED,cma_169593,4070f03010100000,00001818fcffffff,2d84c5ce51ffce223a683347f91ba0736612919eba16050b18501fe21452de0e,CC0 1.0 Universal (Public Domain),715,893,YES,YES,YES,YES,YES,YES,REVIEW,YES,YES,REVIEW,REVIEW,SAME_DESIGN_DIFFERENT_VIEW,REVIEW,REVIEW,AI-assisted first pass: jewellery candidate flagged for near/exact duplicate comparison.
CAND_108,datasets/curation/full_candidates/cma_168754_pendant.jpg,cma,168754,Cleveland Museum of Art Jewellery (168754),pendant,MEDIUM,JEWELLERY_RELEVANT,NEAR_DUPLICATE_REVIEW_REQUIRED,cma_169593,00e060f0f0f0f0a0,0030301818ffffff,fce65b677bf298f1185db32cd41a6c48066a181672df0836537dc2048252c837,CC0 1.0 Universal (Public Domain),772,893,YES,YES,YES,YES,YES,YES,REVIEW,YES,YES,REVIEW,REVIEW,SAME_DESIGN_DIFFERENT_VIEW,REVIEW,REVIEW,AI-assisted first pass: jewellery candidate flagged for near/exact duplicate comparison.
CAND_109,datasets/curation/full_candidates/cma_134725_pendant.jpg,cma,134725,Cleveland Museum of Art Jewellery (134725),pendant,MEDIUM,JEWELLERY_RELEVANT,NEAR_DUPLICATE_REVIEW_REQUIRED,cma_123041,2868707070303030,0018183838fcfcff,5e41d6503a96558f98ef55be1a6403219b9714c0701f7e4090b0c236d8ce76d2,CC0 1.0 Universal (Public Domain),702,893,YES,YES,YES,YES,YES,YES,REVIEW,YES,YES,REVIEW,REVIEW,SAME_DESIGN_DIFFERENT_VIEW,REVIEW,REVIEW,AI-assisted first pass: jewellery candidate flagged for near/exact duplicate comparison.
CAND_110,datasets/curation/full_candidates/cma_692272_necklace.jpg,cma,692272,Necklace (ashän ketab) with amulet pendants (tälsäm) and bead,necklace,HIGH,JEWELLERY_RELEVANT,NEAR_DUPLICATE_REVIEW_REQUIRED,cma_169258,0e22b296941c0c0c,000000d3ffffffff,a86649e48830f02c93549ec109d58815a25a8aa678a221b3b232d002dd59d8a2,CC0 1.0 Universal (Public Domain),726,900,YES,YES,YES,YES,YES,YES,REVIEW,YES,YES,REVIEW,REVIEW,SAME_DESIGN_DIFFERENT_VIEW,REVIEW,REVIEW,AI-assisted first pass: jewellery candidate flagged for near/exact duplicate comparison.
CAND_111,datasets/curation/full_candidates/cma_147565_necklace.jpg,cma,147565,Necklace Bead and Pair of Pendants in the Shape of an Auspicious Symbol,necklace,HIGH,JEWELLERY_RELEVANT,NEAR_DUPLICATE_REVIEW_REQUIRED,cma_97471,0044d4d4d4ccc100,0000007effffffff,4ceb9b001bce3a9d485e39bd79f6bcbf7f79eba4195d9b947d6a646c95fc5ca3,CC0 1.0 Universal (Public Domain),900,528,YES,YES,YES,YES,YES,YES,REVIEW,YES,YES,REVIEW,REVIEW,SAME_DESIGN_DIFFERENT_VIEW,REVIEW,REVIEW,AI-assisted first pass: jewellery candidate flagged for near/exact duplicate comparison.
CAND_112,datasets/curation/full_candidates/cma_125586_necklace.jpg,cma,125586,Twelve Medallions Mounted as a Necklace,necklace,HIGH,JEWELLERY_RELEVANT,DISTINCT,,0c0b616161330e0c,e781bdbcbd99c0e0,863470d1d36e055c7dbe7788b57b8cfbae4a2d3c47aeb0b54725f28e53d3cbfd,CC0 1.0 Universal (Public Domain),749,893,YES,YES,YES,YES,YES,YES,REVIEW,YES,YES,REVIEW,REVIEW,UNIQUE_DESIGN,HIGH,KEEP,AI-assisted first pass: clear jewellery candidate; visually confirm quality/diversity.
CAND_113,datasets/curation/full_candidates/cma_156852_necklace.jpg,cma,156852,Elements from a Necklace,necklace,HIGH,JEWELLERY_RELEVANT,NEAR_DUPLICATE_REVIEW_REQUIRED,met_449929,e0cc0e1b13230716,fff7c3c181c1c3ff,61889b897271a69583693fde9f01822507b3df6bbd9ea6bc8a3dbce9bde90aab,CC0 1.0 Universal (Public Domain),900,774,YES,YES,YES,YES,YES,YES,REVIEW,YES,YES,REVIEW,REVIEW,SAME_DESIGN_DIFFERENT_VIEW,REVIEW,REVIEW,AI-assisted first pass: jewellery candidate flagged for near/exact duplicate comparison.
CAND_114,datasets/curation/full_candidates/cma_160105_necklace.jpg,cma,160105,The Coral Necklace,necklace,LOW,NOT_JEWELLERY,DISTINCT,,0707676765607879,ffe1b100303e3e1c,9364d937af3f4d850edbdffa29f94a54e57cca2b444e0573c82e13899bd1707d,CC0 1.0 Universal (Public Domain),628,893,NO,NO,NO,NO,YES,NO,NOT_APPLICABLE,REVIEW,REVIEW,REVIEW,NOT_APPLICABLE,UNIQUE_DESIGN,LOW,REJECT,AI-assisted first pass: non-wearable/non-jewellery candidate; human confirmation recommended.
CAND_115,datasets/curation/full_candidates/cma_692269_necklace.jpg,cma,692269,Necklace with pendant (waqari or wakari?),necklace,HIGH,JEWELLERY_RELEVANT,NEAR_DUPLICATE_REVIEW_REQUIRED,cma_125210,84b08012940c0c0c,000000ffffffffff,2b6d3b48450b38998afcb0ad930482c086089a37c80bf931d52aa930655938bf,CC0 1.0 Universal (Public Domain),678,900,YES,YES,YES,YES,YES,YES,REVIEW,YES,YES,REVIEW,REVIEW,SAME_DESIGN_DIFFERENT_VIEW,REVIEW,REVIEW,AI-assisted first pass: jewellery candidate flagged for near/exact duplicate comparison.
CAND_116,datasets/curation/full_candidates/cma_135157_necklace.jpg,cma,135157,Necklace,necklace,HIGH,JEWELLERY_RELEVANT,NEAR_DUPLICATE_REVIEW_REQUIRED,cma_97471,d0f0ccdcd0f0f0f0,0000003e7fffffff,5675c90ed1ff8b8ca15302ed6c164571c973df09e457658b4fa1b3fb0af215a1,CC0 1.0 Universal (Public Domain),782,893,YES,YES,YES,YES,YES,YES,REVIEW,YES,YES,REVIEW,REVIEW,SAME_DESIGN_DIFFERENT_VIEW,REVIEW,REVIEW,AI-assisted first pass: jewellery candidate flagged for near/exact duplicate comparison.
CAND_117,datasets/curation/full_candidates/cma_692270_necklace.jpg,cma,692270,Necklace (ashän ketab) with amulet pendants (tälsäm),necklace,HIGH,JEWELLERY_RELEVANT,NEAR_DUPLICATE_REVIEW_REQUIRED,cma_692272,86b222232333160c,00000099ffffffff,abbae65fb056fda29ad9744e63bcf1a81d97e5b95bb814f402255fa24b43e081,CC0 1.0 Universal (Public Domain),656,900,YES,YES,YES,YES,YES,YES,REVIEW,YES,YES,REVIEW,REVIEW,SAME_DESIGN_DIFFERENT_VIEW,REVIEW,REVIEW,AI-assisted first pass: jewellery candidate flagged for near/exact duplicate comparison.
CAND_118,datasets/curation/full_candidates/cma_156851_necklace.jpg,cma,156851,Elements from a Necklace ,necklace,HIGH,JEWELLERY_RELEVANT,DISTINCT,,c0cc8e1f3b2b0f1e,ffe7e7c38181c3cf,622e8726148006eba2516d488c369c980ca9df509e70b0055acee0bb30e50803,CC0 1.0 Universal (Public Domain),864,900,YES,YES,YES,YES,YES,YES,REVIEW,YES,YES,REVIEW,REVIEW,UNIQUE_DESIGN,HIGH,KEEP,AI-assisted first pass: clear jewellery candidate; visually confirm quality/diversity.
CAND_119,datasets/curation/full_candidates/cma_692271_necklace.jpg,cma,692271,Necklace with beads (sadi?),necklace,HIGH,JEWELLERY_RELEVANT,NEAR_DUPLICATE_REVIEW_REQUIRED,cma_125210,0ca220202232160c,000000ffffffffff,2c408cb959d9f49be486dd114e5ce5d56da195783b4e67da78400c93a72d8dbe,CC0 1.0 Universal (Public Domain),663,900,YES,YES,YES,YES,YES,YES,REVIEW,YES,YES,REVIEW,REVIEW,SAME_DESIGN_DIFFERENT_VIEW,REVIEW,REVIEW,AI-assisted first pass: jewellery candidate flagged for near/exact duplicate comparison.
CAND_120,datasets/curation/full_candidates/cma_156849_necklace.jpg,cma,156849,Necklace,necklace,HIGH,JEWELLERY_RELEVANT,NEAR_DUPLICATE_REVIEW_REQUIRED,cma_692272,a0969e98c2929cc0,00000040ffffffff,1e1e5357ff31b3ebf9e3648e890406d3c47b51e5f085578e79ee81b87b4246e6,CC0 1.0 Universal (Public Domain),900,554,YES,YES,YES,YES,YES,YES,REVIEW,YES,YES,REVIEW,REVIEW,SAME_DESIGN_DIFFERENT_VIEW,REVIEW,REVIEW,AI-assisted first pass: jewellery candidate flagged for near/exact duplicate comparison.
CAND_121,datasets/curation/full_candidates/cma_161405_necklace.jpg,cma,161405,Bronze Necklace with Hanging Pendants,necklace,HIGH,JEWELLERY_RELEVANT,DISTINCT,,333333333313168e,df999999cbc3c3e7,95227c5dcc1e8e5dcd349a7d02b94d326320df0c187ce5d2286366a7c42bd750,CC0 1.0 Universal (Public Domain),595,893,YES,YES,YES,YES,YES,YES,REVIEW,YES,YES,REVIEW,REVIEW,UNIQUE_DESIGN,HIGH,KEEP,AI-assisted first pass: clear jewellery candidate; visually confirm quality/diversity.
CAND_122,datasets/curation/full_candidates/cma_124415_necklace.jpg,cma,124415,Necklace,necklace,HIGH,JEWELLERY_RELEVANT,DISTINCT,,9637616161338ecc,f7d3bdbd3c99c3e7,783335eac51c033205b0e9ec9745fc623ff152e81540fe8fbf6fd677cf6010a7,CC0 1.0 Universal (Public Domain),890,893,YES,YES,YES,YES,YES,YES,REVIEW,YES,YES,REVIEW,REVIEW,UNIQUE_DESIGN,HIGH,KEEP,AI-assisted first pass: clear jewellery candidate; visually confirm quality/diversity.
CAND_123,datasets/curation/full_candidates/cma_692273_necklace.jpg,cma,692273,Necklace (muriya or murriyya),necklace,HIGH,JEWELLERY_RELEVANT,NEAR_DUPLICATE_REVIEW_REQUIRED,cma_125210,68cc50322232160e,000000ffffffffff,7b2415a2e40c3a7ea6ced696703e5d1c34ba54268a2e470f25c0367bc2add1d3,CC0 1.0 Universal (Public Domain),653,900,YES,YES,YES,YES,YES,YES,REVIEW,YES,YES,REVIEW,REVIEW,SAME_DESIGN_DIFFERENT_VIEW,REVIEW,REVIEW,AI-assisted first pass: jewellery candidate flagged for near/exact duplicate comparison.
CAND_124,datasets/curation/full_candidates/cma_168479_necklace.jpg,cma,168479,Necklace (amazipho),necklace,HIGH,JEWELLERY_RELEVANT,DISTINCT,,d433337171330f8c,ffd399bdb981c3ff,71dbf1deed5b1f7316c8e9b18e1ff782dc375b36b543d2a258812e66c7d4c357,CC0 1.0 Universal (Public Domain),1038,893,YES,YES,YES,YES,YES,YES,REVIEW,YES,YES,REVIEW,REVIEW,UNIQUE_DESIGN,HIGH,KEEP,AI-assisted first pass: clear jewellery candidate; visually confirm quality/diversity.
CAND_125,datasets/curation/full_candidates/cma_159023_necklace.jpg,cma,159023,Ifá diviner's necklace (òdìgbà Ifá),necklace,HIGH,JEWELLERY_RELEVANT,DISTINCT,,9e963733332573b2,e7c793818100ffff,2a11ab7ea442e43320aca015b7f43e77a4bd87c055a781a68e69f756582d80f3,CC0 1.0 Universal (Public Domain),750,730,YES,YES,YES,YES,YES,YES,REVIEW,YES,YES,REVIEW,REVIEW,UNIQUE_DESIGN,HIGH,KEEP,AI-assisted first pass: clear jewellery candidate; visually confirm quality/diversity.
CAND_126,datasets/curation/full_candidates/cma_109609_necklace.jpg,cma,109609,Necklace,necklace,HIGH,JEWELLERY_RELEVANT,DISTINCT,,f0d4b061713196cc,1800183cbcfdc3ff,b67e432015dfbf34580052d364d647c5bc11a5acd3d6352b02053cbea8649646,CC0 1.0 Universal (Public Domain),1080,893,YES,YES,YES,YES,YES,YES,REVIEW,YES,YES,REVIEW,REVIEW,UNIQUE_DESIGN,HIGH,KEEP,AI-assisted first pass: clear jewellery candidate; visually confirm quality/diversity.
CAND_127,datasets/curation/full_candidates/cma_126196_necklace.jpg,cma,126196,Collar with Medallion and Pendant,necklace,HIGH,JEWELLERY_RELEVANT,DISTINCT,,ce9793d58fb397ef,ffc3c1e143030307,309f530d5e4cdd380e6bb740d11a7b7533669453a056f355699b6256bb4aef38,CC0 1.0 Universal (Public Domain),596,893,YES,YES,YES,YES,YES,YES,REVIEW,YES,YES,REVIEW,REVIEW,UNIQUE_DESIGN,HIGH,KEEP,AI-assisted first pass: clear jewellery candidate; visually confirm quality/diversity.
CAND_128,datasets/curation/full_candidates/cma_132317_necklace.jpg,cma,132317,Cleveland Museum of Art Jewellery (132317),necklace,MEDIUM,JEWELLERY_RELEVANT,NEAR_DUPLICATE_REVIEW_REQUIRED,cma_125637,a0b0f0f070b0b040,0000183c3cffffff,77b2a119ffbd2b4ff62ca295afd6f5ca7dab2d23cf0448feaa469cde2af166d9,CC0 1.0 Universal (Public Domain),768,900,YES,YES,YES,YES,YES,YES,REVIEW,YES,YES,REVIEW,REVIEW,SAME_DESIGN_DIFFERENT_VIEW,REVIEW,REVIEW,AI-assisted first pass: jewellery candidate flagged for near/exact duplicate comparison.
CAND_129,datasets/curation/full_candidates/cma_147529_necklace.jpg,cma,147529,Cleveland Museum of Art Jewellery (147529),necklace,MEDIUM,JEWELLERY_RELEVANT,DISTINCT,,00ccccaab6ccf010,00e7e7ff5a663c00,7b3d0a6907f6ae454dfc4a46b7a19d2148aca5cbd032401d4112eb283e8d5eab,CC0 1.0 Universal (Public Domain),900,857,YES,YES,YES,YES,YES,YES,REVIEW,YES,YES,REVIEW,REVIEW,UNIQUE_DESIGN,HIGH,KEEP,AI-assisted first pass: clear jewellery candidate; visually confirm quality/diversity.
CAND_130,datasets/curation/full_candidates/cma_132324_necklace.jpg,cma,132324,Cleveland Museum of Art Jewellery (132324),necklace,MEDIUM,JEWELLERY_RELEVANT,NEAR_DUPLICATE_REVIEW_REQUIRED,cma_169593,80b0707070b03000,000018183cffffff,ae7160334ce2e5adf75e4a599aee152fabcb270b9186ba8eea6bd6bdeb9d5b57,CC0 1.0 Universal (Public Domain),782,900,YES,YES,YES,YES,YES,YES,REVIEW,YES,YES,REVIEW,REVIEW,SAME_DESIGN_DIFFERENT_VIEW,REVIEW,REVIEW,AI-assisted first pass: jewellery candidate flagged for near/exact duplicate comparison.
CAND_131,datasets/curation/full_candidates/cma_132320_necklace.jpg,cma,132320,Cleveland Museum of Art Jewellery (132320),necklace,MEDIUM,JEWELLERY_RELEVANT,NEAR_DUPLICATE_REVIEW_REQUIRED,cma_95540,a0f070707070b040,0018183c3cffffff,5793b7acea816e0e54101128cce89b220156ae880f81d85c3616f52d6294aefd,CC0 1.0 Universal (Public Domain),792,900,YES,YES,YES,YES,YES,YES,REVIEW,YES,YES,REVIEW,REVIEW,SAME_DESIGN_DIFFERENT_VIEW,REVIEW,REVIEW,AI-assisted first pass: jewellery candidate flagged for near/exact duplicate comparison.
CAND_132,datasets/curation/full_candidates/cma_155557_necklace.jpg,cma,155557,Cleveland Museum of Art Jewellery (155557),necklace,MEDIUM,JEWELLERY_RELEVANT,DISTINCT,,68e8697173330e0c,ffff3c3c9981c3ef,a94f78d8c4ae4604ec408973475570069b7cf35e3750a56decdab764a777169f,CC0 1.0 Universal (Public Domain),1263,769,YES,YES,YES,YES,YES,YES,REVIEW,YES,YES,REVIEW,REVIEW,UNIQUE_DESIGN,HIGH,KEEP,AI-assisted first pass: clear jewellery candidate; visually confirm quality/diversity.
CAND_133,datasets/curation/full_candidates/cma_161874_necklace.jpg,cma,161874,Cleveland Museum of Art Jewellery (161874),necklace,MEDIUM,JEWELLERY_RELEVANT,DISTINCT,,e8cc86868ed4f070,3c66c2c3637e3c00,ac70972aa453f73525c2a8ad605e674650ca1c4c6a01973ac590866c9c3e27d7,CC0 1.0 Universal (Public Domain),816,900,YES,YES,YES,YES,YES,YES,REVIEW,YES,YES,REVIEW,REVIEW,UNIQUE_DESIGN,HIGH,KEEP,AI-assisted first pass: clear jewellery candidate; visually confirm quality/diversity.
CAND_134,datasets/curation/full_candidates/cma_132319_necklace.jpg,cma,132319,Cleveland Museum of Art Jewellery (132319),necklace,MEDIUM,JEWELLERY_RELEVANT,NEAR_DUPLICATE_REVIEW_REQUIRED,cma_94776,50b07170f0f0f050,00181c1c3c3cffff,4c0284f19381e40c4aca9d283890c2b7827cf2884e7f65c189a8240df52c5516,CC0 1.0 Universal (Public Domain),799,900,YES,YES,YES,YES,YES,YES,REVIEW,YES,YES,REVIEW,REVIEW,SAME_DESIGN_DIFFERENT_VIEW,REVIEW,REVIEW,AI-assisted first pass: jewellery candidate flagged for near/exact duplicate comparison.
CAND_135,datasets/curation/full_candidates/cma_132322_necklace.jpg,cma,132322,Cleveland Museum of Art Jewellery (132322),necklace,MEDIUM,JEWELLERY_RELEVANT,NEAR_DUPLICATE_REVIEW_REQUIRED,cma_132317,2030707070303000,0000183c3cffffff,1e73b18377567e41f7c07a53b6d72443af746e761345a1ca674a9e4fb80d850c,CC0 1.0 Universal (Public Domain),744,900,YES,YES,YES,YES,YES,YES,REVIEW,YES,YES,REVIEW,REVIEW,SAME_DESIGN_DIFFERENT_VIEW,REVIEW,REVIEW,AI-assisted first pass: jewellery candidate flagged for near/exact duplicate comparison.
CAND_136,datasets/curation/full_candidates/cma_132315_necklace.jpg,cma,132315,Cleveland Museum of Art Jewellery (132315),necklace,MEDIUM,JEWELLERY_RELEVANT,NEAR_DUPLICATE_REVIEW_REQUIRED,cma_132317,0000707030303000,0000181c3cffffff,c6c64360c0b5e8e6436aa3da7a80793ad19acd90b859e012dff1e10d86e9bca8,CC0 1.0 Universal (Public Domain),772,893,YES,YES,YES,YES,YES,YES,REVIEW,YES,YES,REVIEW,REVIEW,SAME_DESIGN_DIFFERENT_VIEW,REVIEW,REVIEW,AI-assisted first pass: jewellery candidate flagged for near/exact duplicate comparison.
CAND_137,datasets/curation/full_candidates/cma_132325_necklace.jpg,cma,132325,Cleveland Museum of Art Jewellery (132325),necklace,MEDIUM,JEWELLERY_RELEVANT,NEAR_DUPLICATE_REVIEW_REQUIRED,cma_123037,4010303030303000,0000181cfcffffff,9d4818c3f7ece00593be7c161b4af7abf690ad25a4e3f3128550e92a4ecbb4ab,CC0 1.0 Universal (Public Domain),781,900,YES,YES,YES,YES,YES,YES,REVIEW,YES,YES,REVIEW,REVIEW,SAME_DESIGN_DIFFERENT_VIEW,REVIEW,REVIEW,AI-assisted first pass: jewellery candidate flagged for near/exact duplicate comparison.
CAND_138,datasets/curation/full_candidates/cma_132318_necklace.jpg,cma,132318,Cleveland Museum of Art Jewellery (132318),necklace,MEDIUM,JEWELLERY_RELEVANT,NEAR_DUPLICATE_REVIEW_REQUIRED,cma_95540,507070f06868f130,001838183cffffff,d370f98cc142cb402f06b52632a88ba62f475f843229e6e8c9373df2912b7c1d,CC0 1.0 Universal (Public Domain),737,900,YES,YES,YES,YES,YES,YES,REVIEW,YES,YES,REVIEW,REVIEW,SAME_DESIGN_DIFFERENT_VIEW,REVIEW,REVIEW,AI-assisted first pass: jewellery candidate flagged for near/exact duplicate comparison.
CAND_139,datasets/curation/full_candidates/cma_128180_necklace.jpg,cma,128180,Cleveland Museum of Art Jewellery (128180),necklace,MEDIUM,JEWELLERY_RELEVANT,DISTINCT,,963333128ecccc8c,0381d9c3e7e7e7e7,10e6935a6a37ac619ae2f64031dd6b444f1c459a5b14723aa205acfccaa1e38f,CC0 1.0 Universal (Public Domain),603,893,YES,YES,YES,YES,YES,YES,REVIEW,YES,YES,REVIEW,REVIEW,UNIQUE_DESIGN,HIGH,KEEP,AI-assisted first pass: clear jewellery candidate; visually confirm quality/diversity.
CAND_140,datasets/curation/full_candidates/cma_132321_necklace.jpg,cma,132321,Cleveland Museum of Art Jewellery (132321),necklace,MEDIUM,JEWELLERY_RELEVANT,NEAR_DUPLICATE_REVIEW_REQUIRED,cma_132324,d8b2f0f0b0f0b0a1,000018181cffffff,e265c39197ed748cf563c89b8f074ed2e962e512521141fb8f62d2b26ec4a903,CC0 1.0 Universal (Public Domain),724,900,YES,YES,YES,YES,YES,YES,REVIEW,YES,YES,REVIEW,REVIEW,SAME_DESIGN_DIFFERENT_VIEW,REVIEW,REVIEW,AI-assisted first pass: jewellery candidate flagged for near/exact duplicate comparison.
CAND_141,datasets/curation/full_candidates/cma_132314_necklace.jpg,cma,132314,Cleveland Museum of Art Jewellery (132314),necklace,MEDIUM,JEWELLERY_RELEVANT,NEAR_DUPLICATE_REVIEW_REQUIRED,cma_132325,0010307030303000,0000183cfcffffff,6e32685f247100aa3fe32720987e752117c9ba4ed374e4c7fc0375aa714b928e,CC0 1.0 Universal (Public Domain),796,893,YES,YES,YES,YES,YES,YES,REVIEW,YES,YES,REVIEW,REVIEW,SAME_DESIGN_DIFFERENT_VIEW,REVIEW,REVIEW,AI-assisted first pass: jewellery candidate flagged for near/exact duplicate comparison.
CAND_142,datasets/curation/full_candidates/cma_132316_necklace.jpg,cma,132316,Cleveland Museum of Art Jewellery (132316),necklace,MEDIUM,JEWELLERY_RELEVANT,NEAR_DUPLICATE_REVIEW_REQUIRED,cma_132315,0030707030303000,0000181c3cffffff,e8fb115966b8ad33f8d42c385cdbabecd505e1f344512a81b5fab5f601fef0a8,CC0 1.0 Universal (Public Domain),807,900,YES,YES,YES,YES,YES,YES,REVIEW,YES,YES,REVIEW,REVIEW,SAME_DESIGN_DIFFERENT_VIEW,REVIEW,REVIEW,AI-assisted first pass: jewellery candidate flagged for near/exact duplicate comparison.
CAND_143,datasets/curation/full_candidates/cma_132323_necklace.jpg,cma,132323,Cleveland Museum of Art Jewellery (132323),necklace,MEDIUM,JEWELLERY_RELEVANT,NEAR_DUPLICATE_REVIEW_REQUIRED,cma_132317,607070f070b03080,0000183c3cffffff,53db7e10bbb984744ca1e498e88ed267ba8471b2c6f555ab5d572fc21ea89c12,CC0 1.0 Universal (Public Domain),789,900,YES,YES,YES,YES,YES,YES,REVIEW,YES,YES,REVIEW,REVIEW,SAME_DESIGN_DIFFERENT_VIEW,REVIEW,REVIEW,AI-assisted first pass: jewellery candidate flagged for near/exact duplicate comparison.
CAND_144,datasets/curation/full_candidates/cma_148732_bracelet.jpg,cma,148732,Bracelet,bracelet,HIGH,JEWELLERY_RELEVANT,DISTINCT,,20c8cc949cc8e161,00246646467c3800,b18e44c5f6d5165858b5ed5d53f1ffa48e473a7d406a1e6f8569accda72feb78,CC0 1.0 Universal (Public Domain),1129,893,YES,YES,YES,YES,YES,YES,REVIEW,YES,YES,REVIEW,REVIEW,UNIQUE_DESIGN,HIGH,KEEP,AI-assisted first pass: clear jewellery candidate; visually confirm quality/diversity.
CAND_145,datasets/curation/full_candidates/cma_148733_bracelet.jpg,cma,148733,Bracelet,bracelet,HIGH,JEWELLERY_RELEVANT,DISTINCT,,08d89ca69ecce060,000c46c2c27e7c10,269c821f84118d273b00f7ebfbdd9a066953444e2744767dd36fc82f7f8990c4,CC0 1.0 Universal (Public Domain),1198,893,YES,YES,YES,YES,YES,YES,REVIEW,YES,YES,REVIEW,REVIEW,UNIQUE_DESIGN,HIGH,KEEP,AI-assisted first pass: clear jewellery candidate; visually confirm quality/diversity.
CAND_146,datasets/curation/full_candidates/cma_148734_bracelet.jpg,cma,148734,Bracelet,bracelet,HIGH,JEWELLERY_RELEVANT,NEAR_DUPLICATE_REVIEW_REQUIRED,cma_160346,0438e8e8e0f0710c,00003c7c7c7c1800,6df241f6478f0315f9684b20923c04486d6d37ff0e1fc78e7ce16c3c3ea03142,CC0 1.0 Universal (Public Domain),1263,871,YES,YES,YES,YES,YES,YES,REVIEW,YES,YES,REVIEW,REVIEW,SAME_DESIGN_DIFFERENT_VIEW,REVIEW,REVIEW,AI-assisted first pass: jewellery candidate flagged for near/exact duplicate comparison.
CAND_147,datasets/curation/full_candidates/cma_166352_bracelet.jpg,cma,166352,Seated Figurine Wearing a Bracelet,bracelet,LOW,NOT_JEWELLERY,NEAR_DUPLICATE_REVIEW_REQUIRED,cma_123037,5070f0e0e8c30b84,00003838fffbffff,a9e77e8a5867cece078a66ea065d98972f44510acc751b79f0b6d6c4a3a61332,CC0 1.0 Universal (Public Domain),767,893,NO,NO,NO,NO,YES,NO,NOT_APPLICABLE,REVIEW,REVIEW,REVIEW,NOT_APPLICABLE,UNKNOWN,LOW,REJECT,AI-assisted first pass: non-wearable/non-jewellery candidate; human confirmation recommended.
CAND_148,datasets/curation/full_candidates/cma_152319_bracelet.jpg,cma,152319,Ibex Bracelet Terminal,bracelet,HIGH,JEWELLERY_RELEVANT,NEAR_DUPLICATE_REVIEW_REQUIRED,cma_96655,a797168e8d8e0d0a,ffc3c3e7e7c7c7ff,cf5e4a4b8e8e84a20831621dc552f89e01277b94cc5a65031c8c208d82d8f1fb,CC0 1.0 Universal (Public Domain),830,893,YES,YES,YES,YES,YES,YES,REVIEW,YES,YES,REVIEW,REVIEW,SAME_DESIGN_DIFFERENT_VIEW,REVIEW,REVIEW,AI-assisted first pass: jewellery candidate flagged for near/exact duplicate comparison.
CAND_149,datasets/curation/full_candidates/cma_96833_bracelet.jpg,cma,96833,Bracelet,bracelet,HIGH,JEWELLERY_RELEVANT,DISTINCT,,f0f87b332b6971f0,001c3f813d3c3cff,021c3f8663bddf56183d76a0212f80016919d3562394c2173f8e5367b9b03431,CC0 1.0 Universal (Public Domain),1132,893,YES,YES,YES,YES,YES,YES,REVIEW,YES,YES,REVIEW,REVIEW,UNIQUE_DESIGN,HIGH,KEEP,AI-assisted first pass: clear jewellery candidate; visually confirm quality/diversity.
CAND_150,datasets/curation/full_candidates/cma_128160_bracelet.jpg,cma,128160,Bracelet,bracelet,HIGH,JEWELLERY_RELEVANT,DISTINCT,,8000ccc8c8d8f060,0000007e7e7e3c00,f2edf32a2053f870dcc50cc7a2002fa4fe44d18c9f7b9d88369fc1143c65b3c4,CC0 1.0 Universal (Public Domain),1263,684,YES,YES,YES,YES,YES,YES,REVIEW,YES,YES,REVIEW,REVIEW,UNIQUE_DESIGN,HIGH,KEEP,AI-assisted first pass: clear jewellery candidate; visually confirm quality/diversity.
CAND_151,datasets/curation/full_candidates/cma_112277_bracelet.jpg,cma,112277,Bracelet,bracelet,HIGH,JEWELLERY_RELEVANT,NEAR_DUPLICATE_REVIEW_REQUIRED,cma_148724,a00c1f3b330f1f48,ffffc3818181c3ff,47a207467c10f71dc93a180b00d99cb982f5c881beb38df5af085e83f0e90607,CC0 1.0 Universal (Public Domain),1263,761,YES,YES,YES,YES,YES,YES,REVIEW,YES,YES,REVIEW,REVIEW,SAME_DESIGN_DIFFERENT_VIEW,REVIEW,REVIEW,AI-assisted first pass: jewellery candidate flagged for near/exact duplicate comparison.
CAND_152,datasets/curation/full_candidates/cma_153209_bracelet.jpg,cma,153209,Bracelet,bracelet,HIGH,JEWELLERY_RELEVANT,NEAR_DUPLICATE_REVIEW_REQUIRED,cma_124065,30e8cc86868cf033,00280040c2ffffff,8d9056f9f2710f6cb19597841e4883d763f04e5c66b68f390b135e2f5a4a0208,CC0 1.0 Universal (Public Domain),750,710,YES,YES,YES,YES,YES,YES,REVIEW,YES,YES,REVIEW,REVIEW,SAME_DESIGN_DIFFERENT_VIEW,REVIEW,REVIEW,AI-assisted first pass: jewellery candidate flagged for near/exact duplicate comparison.
CAND_153,datasets/curation/full_candidates/cma_96879_bracelet.jpg,cma,96879,Cleveland Museum of Art Jewellery (96879),bracelet,MEDIUM,JEWELLERY_RELEVANT,DISTINCT,,aafdecbb33330fc0,00000001999fffff,2bdc897806a97a5dbe511d1a902ae065883f59450204f8ead952a09347318c7b,CC0 1.0 Universal (Public Domain),900,835,YES,YES,YES,YES,YES,YES,REVIEW,YES,YES,REVIEW,REVIEW,UNIQUE_DESIGN,HIGH,KEEP,AI-assisted first pass: clear jewellery candidate; visually confirm quality/diversity.
CAND_154,datasets/curation/full_candidates/cma_96663_bracelet.jpg,cma,96663,Cleveland Museum of Art Jewellery (96663),bracelet,MEDIUM,JEWELLERY_RELEVANT,NEAR_DUPLICATE_REVIEW_REQUIRED,cma_130373,a0f0f09233138eb0,00000003dbcbffff,627431b275bd1843593dc52a28d5ad0968b8d4f251b4a7d6e64d8e167b4c3834,CC0 1.0 Universal (Public Domain),900,555,YES,YES,YES,YES,YES,YES,REVIEW,YES,YES,REVIEW,REVIEW,SAME_DESIGN_DIFFERENT_VIEW,REVIEW,REVIEW,AI-assisted first pass: jewellery candidate flagged for near/exact duplicate comparison.
CAND_155,datasets/curation/full_candidates/cma_96659_bracelet.jpg,cma,96659,Cleveland Museum of Art Jewellery (96659),bracelet,MEDIUM,JEWELLERY_RELEVANT,NEAR_DUPLICATE_REVIEW_REQUIRED,cma_169593,f0f0ccd4cccc8ecc,000000003effffff,ed57e74e5857306ed2aaaa6fc38ccc9e1973f9946abbdc342042d3667dbf061c,CC0 1.0 Universal (Public Domain),843,900,YES,YES,YES,YES,YES,YES,REVIEW,YES,YES,REVIEW,REVIEW,SAME_DESIGN_DIFFERENT_VIEW,REVIEW,REVIEW,AI-assisted first pass: jewellery candidate flagged for near/exact duplicate comparison.
CAND_156,datasets/curation/full_candidates/cma_94673_bracelet.jpg,cma,94673,Cleveland Museum of Art Jewellery (94673),bracelet,MEDIUM,JEWELLERY_RELEVANT,NEAR_DUPLICATE_REVIEW_REQUIRED,cma_96879,f0e0e813333f98ac,00000001bbdfffff,caf503655106330f3296950f71c4598e08d02a6a3e2542e947f456cde9ce7951,CC0 1.0 Universal (Public Domain),1263,807,YES,YES,YES,YES,YES,YES,REVIEW,YES,YES,REVIEW,REVIEW,SAME_DESIGN_DIFFERENT_VIEW,REVIEW,REVIEW,AI-assisted first pass: jewellery candidate flagged for near/exact duplicate comparison.
CAND_157,datasets/curation/full_candidates/cma_94959_bracelet.jpg,cma,94959,Cleveland Museum of Art Jewellery (94959),bracelet,MEDIUM,JEWELLERY_RELEVANT,NEAR_DUPLICATE_REVIEW_REQUIRED,cma_123778,40a090033b1fc09c,000000c1c1ffffff,afac760ed3f49e21d73341b6acda493c4ed1fe979d4dec2ff971a1f14e0b4395,CC0 1.0 Universal (Public Domain),1263,823,YES,YES,YES,YES,YES,YES,REVIEW,YES,YES,REVIEW,REVIEW,SAME_DESIGN_DIFFERENT_VIEW,REVIEW,REVIEW,AI-assisted first pass: jewellery candidate flagged for near/exact duplicate comparison.
CAND_158,datasets/curation/full_candidates/cma_94957_bracelet.jpg,cma,94957,Cleveland Museum of Art Jewellery (94957),bracelet,MEDIUM,JEWELLERY_RELEVANT,DISTINCT,,00000e0f0f0f0000,e0fcc7c1c1e3ffff,dbe0cf9a58129d70c66a4da443e8752651e4d500143f9124a1d82ed153eaccdb,CC0 1.0 Universal (Public Domain),1263,753,YES,YES,YES,YES,YES,YES,REVIEW,YES,YES,REVIEW,REVIEW,UNIQUE_DESIGN,HIGH,KEEP,AI-assisted first pass: clear jewellery candidate; visually confirm quality/diversity.
CAND_159,datasets/curation/full_candidates/cma_94960_bracelet.jpg,cma,94960,Cleveland Museum of Art Jewellery (94960),bracelet,MEDIUM,JEWELLERY_RELEVANT,DISTINCT,,0000041f13070000,c0feffc3c1c3ffff,c3d24509292b26b06330a05c8056d82ce54e17dddd2c582b787ffbb8cf25f525,CC0 1.0 Universal (Public Domain),1263,755,YES,YES,YES,YES,YES,YES,REVIEW,YES,YES,REVIEW,REVIEW,UNIQUE_DESIGN,HIGH,KEEP,AI-assisted first pass: clear jewellery candidate; visually confirm quality/diversity.
CAND_160,datasets/curation/full_candidates/cma_96467_bracelet.jpg,cma,96467,Cleveland Museum of Art Jewellery (96467),bracelet,MEDIUM,JEWELLERY_RELEVANT,NEAR_DUPLICATE_REVIEW_REQUIRED,cma_156849,70e0ecde96aedcf0,00000040ffffffff,efe47e60d28fc7c09013ab3af74aabadd95f74576673f54273db30d15606af07,CC0 1.0 Universal (Public Domain),900,638,YES,YES,YES,YES,YES,YES,REVIEW,YES,YES,REVIEW,REVIEW,SAME_DESIGN_DIFFERENT_VIEW,REVIEW,REVIEW,AI-assisted first pass: jewellery candidate flagged for near/exact duplicate comparison.
CAND_161,datasets/curation/full_candidates/cma_96880_bracelet.jpg,cma,96880,Cleveland Museum of Art Jewellery (96880),bracelet,MEDIUM,JEWELLERY_RELEVANT,NEAR_DUPLICATE_REVIEW_REQUIRED,cma_115163,0060c41633320c20,0000008099c3ffff,aed2cce2dc4244689eeb128fa7bdd133b43da2965f934b2501f9dcb47f24f925,CC0 1.0 Universal (Public Domain),900,852,YES,YES,YES,YES,YES,YES,REVIEW,YES,YES,REVIEW,REVIEW,SAME_DESIGN_DIFFERENT_VIEW,REVIEW,REVIEW,AI-assisted first pass: jewellery candidate flagged for near/exact duplicate comparison.
CAND_162,datasets/curation/full_candidates/cma_147562_bangle.jpg,cma,147562,Pair of Bangles,bangle,HIGH,JEWELLERY_RELEVANT,DISTINCT,,c0a0b4b2b2c65818,2070dedadb720e00,3f585ff570e137d61200013b8bcd19eff26ff31258a53033e62b180b13c42ce7,CC0 1.0 Universal (Public Domain),900,654,YES,YES,YES,YES,YES,YES,REVIEW,YES,YES,REVIEW,REVIEW,UNIQUE_DESIGN,HIGH,KEEP,AI-assisted first pass: clear jewellery candidate; visually confirm quality/diversity.
CAND_163,datasets/curation/full_candidates/cma_147564_bangle.jpg,cma,147564,Bangle (2 of 2),bangle,HIGH,JEWELLERY_RELEVANT,DISTINCT,,64f0e8ccd4cce0f0,00183c20667fffff,e02106cd6f6e2bf44a3fd1c5e9a39a22beb15d9fb1f41f73b86724f04bcb402a,CC0 1.0 Universal (Public Domain),986,893,YES,YES,YES,YES,YES,YES,REVIEW,YES,YES,REVIEW,REVIEW,UNIQUE_DESIGN,HIGH,KEEP,AI-assisted first pass: clear jewellery candidate; visually confirm quality/diversity.
CAND_164,datasets/curation/full_candidates/cma_147563_bangle.jpg,cma,147563,Bangle (1 of 2),bangle,HIGH,JEWELLERY_RELEVANT,NEAR_DUPLICATE_REVIEW_REQUIRED,cma_147564,a8f0e8ccdcccf0f0,00003c24667fffff,06a63fc37309056e9a296ef5350397034cea72245b550604100f53b4a31f78f3,CC0 1.0 Universal (Public Domain),1010,893,YES,YES,YES,YES,YES,YES,REVIEW,YES,YES,REVIEW,REVIEW,SAME_DESIGN_DIFFERENT_VIEW,REVIEW,REVIEW,AI-assisted first pass: jewellery candidate flagged for near/exact duplicate comparison.
CAND_165,datasets/curation/full_candidates/cma_136924_brooch.jpg,cma,136924,Brooch (Element of Garment Clasp),brooch,HIGH,JEWELLERY_RELEVANT,DISTINCT,,8f0f0f0f072b370f,ffc78381818183c7,0e30a3a005896de1c6f5d29487a538ae30d7b3130e144c2d5e692327a6ca834b,CC0 1.0 Universal (Public Domain),750,743,YES,YES,YES,YES,YES,YES,REVIEW,YES,YES,REVIEW,REVIEW,UNIQUE_DESIGN,HIGH,KEEP,AI-assisted first pass: clear jewellery candidate; visually confirm quality/diversity.
CAND_166,datasets/curation/full_candidates/cma_165167_brooch.jpg,cma,165167,Filigree Disk Brooch with Central Boss,brooch,HIGH,JEWELLERY_RELEVANT,NEAR_DUPLICATE_REVIEW_REQUIRED,cma_136924,0f0f1f372b070f0f,ffc7c38181c3c3c3,ca4c80f44566347ee9808b6ac96a3217823d90cf5f70a79ba13bc17c4152a582,CC0 1.0 Universal (Public Domain),886,893,YES,YES,YES,YES,YES,YES,REVIEW,YES,YES,REVIEW,REVIEW,SAME_DESIGN_DIFFERENT_VIEW,REVIEW,REVIEW,AI-assisted first pass: jewellery candidate flagged for near/exact duplicate comparison.
CAND_167,datasets/curation/full_candidates/cma_136927_brooch.jpg,cma,136927,Brooch (Element of Garment Clasp),brooch,HIGH,JEWELLERY_RELEVANT,EXACT_DUPLICATE,cma_136924,8f0f0f0f072b370f,ffc78381818183c7,0e30a3a005896de1c6f5d29487a538ae30d7b3130e144c2d5e692327a6ca834b,CC0 1.0 Universal (Public Domain),750,743,YES,YES,YES,YES,YES,YES,REVIEW,YES,YES,REVIEW,REVIEW,SAME_DESIGN_DIFFERENT_VIEW,HIGH,KEEP,"AI-assisted first pass: strongest-resolution file in exact SHA-256 duplicate group; retain, but verify visually."
CAND_168,datasets/curation/full_candidates/cma_136926_brooch.jpg,cma,136926,Brooch (Element of Garment Clasp),brooch,HIGH,JEWELLERY_RELEVANT,EXACT_DUPLICATE,cma_136924,8f0f0f0f072b370f,ffc78381818183c7,0e30a3a005896de1c6f5d29487a538ae30d7b3130e144c2d5e692327a6ca834b,CC0 1.0 Universal (Public Domain),750,743,YES,YES,YES,YES,YES,YES,REVIEW,YES,YES,REVIEW,REVIEW,SAME_DESIGN_REDUNDANT,LOW,REJECT,AI-assisted first pass: exact SHA-256 duplicate of another candidate; keep only strongest representation.
CAND_169,datasets/curation/full_candidates/cma_167666_brooch.jpg,cma,167666,Brooch in the Form of a Six-Pointed Star,brooch,HIGH,JEWELLERY_RELEVANT,DISTINCT,,16662537130f0f07,00f78783c3e3e7e1,9775bdad351cac481fc12e826077b04546c40a726611ab9ab55315bad9d60cb1,CC0 1.0 Universal (Public Domain),871,893,YES,YES,YES,YES,YES,YES,REVIEW,YES,YES,REVIEW,REVIEW,UNIQUE_DESIGN,HIGH,KEEP,AI-assisted first pass: clear jewellery candidate; visually confirm quality/diversity.
CAND_170,datasets/curation/full_candidates/cma_111709_brooch.jpg,cma,111709,Ornamental Brooch,brooch,HIGH,JEWELLERY_RELEVANT,DISTINCT,,ffdf078f9387ceff,1f07030303c3e7ff,74974e788aa00abe736ec261ebd1060136b491e6fe51530e3a5db43e50ed2d09,CC0 1.0 Universal (Public Domain),880,893,YES,YES,YES,YES,YES,YES,REVIEW,YES,YES,REVIEW,REVIEW,UNIQUE_DESIGN,HIGH,KEEP,AI-assisted first pass: clear jewellery candidate; visually confirm quality/diversity.
CAND_171,datasets/curation/full_candidates/cma_111711_brooch.jpg,cma,111711,Ornamental Brooch,brooch,HIGH,JEWELLERY_RELEVANT,NEAR_DUPLICATE_REVIEW_REQUIRED,cma_111709,ef0f8717178fcfe6,0f07438181c3e7ff,41dd6a044d415bf173f0d09acc5ba1b5c7c18879afef0c3606ee307c25f546f3,CC0 1.0 Universal (Public Domain),666,893,YES,YES,YES,YES,YES,YES,REVIEW,YES,YES,REVIEW,REVIEW,SAME_DESIGN_DIFFERENT_VIEW,REVIEW,REVIEW,AI-assisted first pass: jewellery candidate flagged for near/exact duplicate comparison.
CAND_172,datasets/curation/full_candidates/cma_111710_brooch.jpg,cma,111710,Ornamental Brooch,brooch,HIGH,JEWELLERY_RELEVANT,DISTINCT,,9f8e8f8f97978ec6,0f43c3c3c3c3e3f7,630165bb49f7533e22a8b90a99019c9ae104d1bbc08b1b2b57ac3d860682b85e,CC0 1.0 Universal (Public Domain),781,893,YES,YES,YES,YES,YES,YES,REVIEW,YES,YES,REVIEW,REVIEW,UNIQUE_DESIGN,HIGH,KEEP,AI-assisted first pass: clear jewellery candidate; visually confirm quality/diversity.
CAND_173,datasets/curation/full_candidates/cma_111708_brooch.jpg,cma,111708,Ornamental Brooch,brooch,HIGH,JEWELLERY_RELEVANT,DISTINCT,,9b8f4f4bc983c7c5,ffe7e3e5e1e1f3ff,f9fbc81fee1e413616abc9d9bd1255a5fcb0798bc4cd0f44187161b39d6a6739,CC0 1.0 Universal (Public Domain),798,893,YES,YES,YES,YES,YES,YES,REVIEW,YES,YES,REVIEW,REVIEW,UNIQUE_DESIGN,HIGH,KEEP,AI-assisted first pass: clear jewellery candidate; visually confirm quality/diversity.
CAND_174,datasets/curation/full_candidates/cma_111703_brooch.jpg,cma,111703,Ornamental Brooch,brooch,HIGH,JEWELLERY_RELEVANT,NEAR_DUPLICATE_REVIEW_REQUIRED,cma_94782,20b070e8e8e81616,0000183c7ebcffff,07c9c155dc6ccb8fd36ff6a76a120d929694e0d29189753b24a5bb1249b54753,CC0 1.0 Universal (Public Domain),750,737,YES,YES,YES,YES,YES,YES,REVIEW,YES,YES,REVIEW,REVIEW,SAME_DESIGN_DIFFERENT_VIEW,REVIEW,REVIEW,AI-assisted first pass: jewellery candidate flagged for near/exact duplicate comparison.
CAND_175,datasets/curation/full_candidates/cma_111706_brooch.jpg,cma,111706,Ornamental Brooch,brooch,HIGH,JEWELLERY_RELEVANT,NEAR_DUPLICATE_REVIEW_REQUIRED,cma_111711,efcf8f17138fceee,07070703c1e3e7ff,306d422698768f9f44f70d074a0ac90f69f0a3c5bf788ee6835dd747a0a53599,CC0 1.0 Universal (Public Domain),653,893,YES,YES,YES,YES,YES,YES,REVIEW,YES,YES,REVIEW,REVIEW,SAME_DESIGN_DIFFERENT_VIEW,REVIEW,REVIEW,AI-assisted first pass: jewellery candidate flagged for near/exact duplicate comparison.
CAND_176,datasets/curation/full_candidates/cma_111707_brooch.jpg,cma,111707,Ornamental Brooch,brooch,HIGH,JEWELLERY_RELEVANT,NEAR_DUPLICATE_REVIEW_REQUIRED,cma_111706,efcfcf373347ceec,0707071311a3f7ff,1afc1ec920883943b289d5698b06f9a6c930c0d08b0ac6b31923151012ac5068,CC0 1.0 Universal (Public Domain),887,893,YES,YES,YES,YES,YES,YES,REVIEW,YES,YES,REVIEW,REVIEW,SAME_DESIGN_DIFFERENT_VIEW,REVIEW,REVIEW,AI-assisted first pass: jewellery candidate flagged for near/exact duplicate comparison.
CAND_177,datasets/curation/full_candidates/cma_111704_brooch.jpg,cma,111704,Ornamental Brooch,brooch,HIGH,JEWELLERY_RELEVANT,NEAR_DUPLICATE_REVIEW_REQUIRED,cma_132317,307070f0f0700c0c,0000183c3cfeffff,88585f3e654ccf862fcdf653c9fc032e1f70d790d0022311a89806139d3c3d99,CC0 1.0 Universal (Public Domain),750,740,YES,YES,YES,YES,YES,YES,REVIEW,YES,YES,REVIEW,REVIEW,SAME_DESIGN_DIFFERENT_VIEW,REVIEW,REVIEW,AI-assisted first pass: jewellery candidate flagged for near/exact duplicate comparison.
CAND_178,datasets/curation/full_candidates/cma_111705_brooch.jpg,cma,111705,Ornamental Brooch,brooch,HIGH,JEWELLERY_RELEVANT,NEAR_DUPLICATE_REVIEW_REQUIRED,cma_111706,cfcf4727838fcfcf,074703c3c1e3e7ff,76ee871a7e5891ee453d74410156d43d7b247c43e0fccb996f3914dd159b40b2,CC0 1.0 Universal (Public Domain),630,893,YES,YES,YES,YES,YES,YES,REVIEW,YES,YES,REVIEW,REVIEW,SAME_DESIGN_DIFFERENT_VIEW,REVIEW,REVIEW,AI-assisted first pass: jewellery candidate flagged for near/exact duplicate comparison.
CAND_179,datasets/curation/full_candidates/met_323971_brooch.jpg,met,323971,Boss from a disc-headed pin,brooch,HIGH,JEWELLERY_RELEVANT,NEAR_DUPLICATE_REVIEW_REQUIRED,met_207259,0c1f1f0f071f0f0c,ffc7838181c3c7ff,609f24ce9dd3895dc38247fefbca7b02fd98486d2edc2434bbcb75080a81845e,CC0 1.0 Universal (Public Domain),599,620,YES,YES,YES,YES,YES,YES,REVIEW,YES,YES,REVIEW,REVIEW,SAME_DESIGN_DIFFERENT_VIEW,REVIEW,REVIEW,AI-assisted first pass: jewellery candidate flagged for near/exact duplicate comparison.
CAND_180,datasets/curation/full_candidates/cma_111712_brooch.jpg,cma,111712,Cleveland Museum of Art Jewellery (111712),brooch,MEDIUM,JEWELLERY_RELEVANT,NEAR_DUPLICATE_REVIEW_REQUIRED,cma_111706,ff4f4f0f0f0f4fee,3f07070381e7e7ff,a53b75e836ff8231a7e5258f6546a5ad031c0e23a4af2169c2f621bc34acd3ee,CC0 1.0 Universal (Public Domain),750,738,YES,YES,YES,YES,YES,YES,REVIEW,YES,YES,REVIEW,REVIEW,SAME_DESIGN_DIFFERENT_VIEW,REVIEW,REVIEW,AI-assisted first pass: jewellery candidate flagged for near/exact duplicate comparison.
CAND_181,datasets/curation/full_candidates/cma_99394_brooch.jpg,cma,99394,Cleveland Museum of Art Jewellery (99394),brooch,MEDIUM,JEWELLERY_RELEVANT,NEAR_DUPLICATE_REVIEW_REQUIRED,cma_137429,0730707421070707,fffffffffd000000,d7ede6618b4e28d8a227278dbf692f7068227b94935521372ce8ce41f96d1459,CC0 1.0 Universal (Public Domain),690,893,YES,YES,YES,YES,YES,YES,REVIEW,YES,YES,REVIEW,REVIEW,SAME_DESIGN_DIFFERENT_VIEW,REVIEW,REVIEW,AI-assisted first pass: jewellery candidate flagged for near/exact duplicate comparison.
CAND_182,datasets/curation/full_candidates/cma_136925_brooch.jpg,cma,136925,Cleveland Museum of Art Jewellery (136925),brooch,MEDIUM,JEWELLERY_RELEVANT,EXACT_DUPLICATE,cma_136924,8f0f0f0f072b370f,ffc78381818183c7,0e30a3a005896de1c6f5d29487a538ae30d7b3130e144c2d5e692327a6ca834b,CC0 1.0 Universal (Public Domain),750,743,YES,YES,YES,YES,YES,YES,REVIEW,YES,YES,REVIEW,REVIEW,SAME_DESIGN_REDUNDANT,LOW,REJECT,AI-assisted first pass: exact SHA-256 duplicate of another candidate; keep only strongest representation.
CAND_183,datasets/curation/full_candidates/cma_136923_brooch.jpg,cma,136923,Cleveland Museum of Art Jewellery (136923),brooch,MEDIUM,JEWELLERY_RELEVANT,EXACT_DUPLICATE,cma_136924,8f0f0f0f072b370f,ffc78381818183c7,0e30a3a005896de1c6f5d29487a538ae30d7b3130e144c2d5e692327a6ca834b,CC0 1.0 Universal (Public Domain),750,743,YES,YES,YES,YES,YES,YES,REVIEW,YES,YES,REVIEW,REVIEW,SAME_DESIGN_REDUNDANT,LOW,REJECT,AI-assisted first pass: exact SHA-256 duplicate of another candidate; keep only strongest representation.
CAND_184,datasets/curation/full_candidates/cma_125583_brooch.jpg,cma,125583,Cleveland Museum of Art Jewellery (125583),brooch,MEDIUM,JEWELLERY_RELEVANT,DISTINCT,,1018303072660f07,000818fffff0e0e0,93c5c0428b39d4acb74ce29df571c089add9bd140c8c979c4846f8376dca2a46,CC0 1.0 Universal (Public Domain),632,900,YES,YES,YES,YES,YES,YES,REVIEW,YES,YES,REVIEW,REVIEW,UNIQUE_DESIGN,HIGH,KEEP,AI-assisted first pass: clear jewellery candidate; visually confirm quality/diversity.
CAND_185,datasets/curation/full_candidates/cma_99396_brooch.jpg,cma,99396,Cleveland Museum of Art Jewellery (99396),brooch,MEDIUM,JEWELLERY_RELEVANT,DISTINCT,,00205115150b0704,00000040c7c1e3ff,e6692ccbb97779b01d9d5e9e197fab282648ec20168cfffb88e1fdf7ca2ea893,CC0 1.0 Universal (Public Domain),900,878,YES,YES,YES,YES,YES,YES,REVIEW,YES,YES,REVIEW,REVIEW,UNIQUE_DESIGN,HIGH,KEEP,AI-assisted first pass: clear jewellery candidate; visually confirm quality/diversity.
CAND_186,datasets/curation/full_candidates/cma_161779_other.jpg,cma,161779,Belt Buckle,other,MEDIUM,JEWELLERY_RELEVANT,NEAR_DUPLICATE_REVIEW_REQUIRED,cma_157568,8f072b1f1b3b1383,ffc181810181c1ff,07bc9c590fa9fc35dec501176ac4472c1368b1e061a5d7773ae3115cdc5b9f45,CC0 1.0 Universal (Public Domain),900,603,YES,YES,YES,YES,YES,YES,REVIEW,YES,YES,REVIEW,REVIEW,SAME_DESIGN_DIFFERENT_VIEW,REVIEW,REVIEW,AI-assisted first pass: jewellery candidate flagged for near/exact duplicate comparison.
CAND_187,datasets/curation/full_candidates/met_316436_other.jpg,met,316436,Earflare with ritual procession,other,LOW,JEWELLERY_UNCERTAIN,DISTINCT,,ec8e17170f1f0f8c,004783818183e7ff,eebb5a5e2c3fe47c6c7bff94b6624a095e8831e984700a8b0ae0b727e7a8cabf,CC0 1.0 Universal (Public Domain),600,607,REVIEW,REVIEW,REVIEW,REVIEW,REVIEW,REVIEW,NOT_APPLICABLE,REVIEW,REVIEW,REVIEW,REVIEW,UNIQUE_DESIGN,REVIEW,REVIEW,AI-assisted first pass: category/jewellery relevance is uncertain; inspect source image before final decision.
CAND_188,datasets/curation/full_candidates/met_316437_other.jpg,met,316437,Earflare with ritual procession,other,LOW,JEWELLERY_UNCERTAIN,NEAR_DUPLICATE_REVIEW_REQUIRED,met_316436,e88e071707170706,004383818183e3ff,a2f2f9eadd3740de860e5016815f46fdb4248e63b62b2e00b5caed10a4e4b0ba,CC0 1.0 Universal (Public Domain),599,608,REVIEW,REVIEW,REVIEW,REVIEW,REVIEW,REVIEW,NOT_APPLICABLE,REVIEW,REVIEW,REVIEW,REVIEW,UNKNOWN,REVIEW,REVIEW,AI-assisted first pass: category/jewellery relevance is uncertain; inspect source image before final decision.
CAND_189,datasets/curation/full_candidates/met_283177_other.jpg,met,283177,[Button],other,LOW,JEWELLERY_UNCERTAIN,DISTINCT,,f0ccb23939b2cce0,3c7e5a9d9dc2663c,82993e9e30182286b1ce74da02cb9b8b62d1c23c84218038d2a388f2a3e2dc06,CC0 1.0 Universal (Public Domain),599,591,NO,NO,NO,NO,YES,NO,NOT_APPLICABLE,REVIEW,REVIEW,REVIEW,NOT_APPLICABLE,UNIQUE_DESIGN,LOW,REJECT,AI-assisted first pass: non-wearable/non-jewellery candidate; human confirmation recommended.
CAND_190,datasets/curation/full_candidates/met_312694_other.jpg,met,312694,Ear Spool,other,LOW,JEWELLERY_UNCERTAIN,DISTINCT,,8f87c38e8ece6907,ffff730303033dc3,c16c26dcc7b110be57c55278a61629e9f542e6f89b655612d560057a900328a0,CC0 1.0 Universal (Public Domain),599,589,REVIEW,REVIEW,REVIEW,REVIEW,REVIEW,REVIEW,NOT_APPLICABLE,REVIEW,REVIEW,REVIEW,REVIEW,UNIQUE_DESIGN,REVIEW,REVIEW,AI-assisted first pass: category/jewellery relevance is uncertain; inspect source image before final decision.
CAND_191,datasets/curation/full_candidates/met_316696_other.jpg,met,316696,Pectoral,other,LOW,JEWELLERY_UNCERTAIN,DISTINCT,,703cccd0e8eccccc,3e00662c3e76e7f7,b9caa00f83da282410c49ed4a9e6ee2cd123576c0cf0d08880fcb67c09d244ec,CC0 1.0 Universal (Public Domain),560,624,REVIEW,REVIEW,REVIEW,REVIEW,REVIEW,REVIEW,NOT_APPLICABLE,REVIEW,REVIEW,REVIEW,REVIEW,UNIQUE_DESIGN,REVIEW,REVIEW,AI-assisted first pass: category/jewellery relevance is uncertain; inspect source image before final decision.
CAND_192,datasets/curation/full_candidates/met_479089_other.jpg,met,479089,Mirror Case with scenes of paired lovers,other,LOW,JEWELLERY_UNCERTAIN,NEAR_DUPLICATE_REVIEW_REQUIRED,cma_157568,7f0f171f0f070f07,ffc781818181c3ff,5dce6516c509854d96d33935713f64bb7439563d6ecbb78d9d8be5d02b44826c,CC0 1.0 Universal (Public Domain),599,583,NO,NO,NO,NO,YES,NO,NOT_APPLICABLE,REVIEW,REVIEW,REVIEW,NOT_APPLICABLE,UNKNOWN,LOW,REJECT,AI-assisted first pass: non-wearable/non-jewellery candidate; human confirmation recommended.
CAND_193,datasets/curation/full_candidates/met_469844_other.jpg,met,469844,Enthroned Virgin and Child,other,LOW,JEWELLERY_UNCERTAIN,DISTINCT,,888c8c8c8c0d0f0f,00e6e7c7e7c3c1e7,6db62e41b241ca42e81f9dd08242b7b38e703eb67952906fc25536f75f183d2b,CC0 1.0 Universal (Public Domain),600,600,NO,NO,NO,NO,YES,NO,NOT_APPLICABLE,REVIEW,REVIEW,REVIEW,NOT_APPLICABLE,UNIQUE_DESIGN,LOW,REJECT,AI-assisted first pass: non-wearable/non-jewellery candidate; human confirmation recommended.
CAND_194,datasets/curation/full_candidates/cma_169952_other.jpg,cma,169952,Female Devotee,other,LOW,JEWELLERY_UNCERTAIN,NEAR_DUPLICATE_REVIEW_REQUIRED,cma_94781,f8f0f0f098cc64b6,00181878fefeffff,608918bf4052736c4d4d0e948853c53e197e2334b71fe6b1acc875b404236210,CC0 1.0 Universal (Public Domain),606,893,NO,NO,NO,NO,YES,NO,NOT_APPLICABLE,REVIEW,REVIEW,REVIEW,NOT_APPLICABLE,UNKNOWN,LOW,REJECT,AI-assisted first pass: non-wearable/non-jewellery candidate; human confirmation recommended.
CAND_195,datasets/curation/full_candidates/cma_124080_other.jpg,cma,124080,Portrait of Mary Wise,other,LOW,NOT_JEWELLERY,NEAR_DUPLICATE_REVIEW_REQUIRED,cma_125587,373534f0d8d8d8cc,001018183e7e7e24,319c382d0bbb397870c61181a7b9e31fd133ec1f8e3a5b375e6190d2a47c6df4,CC0 1.0 Universal (Public Domain),739,893,NO,NO,NO,NO,YES,NO,NOT_APPLICABLE,REVIEW,REVIEW,REVIEW,NOT_APPLICABLE,UNKNOWN,LOW,REJECT,AI-assisted first pass: non-wearable/non-jewellery candidate; human confirmation recommended.
CAND_196,datasets/curation/full_candidates/cma_128815_other.jpg,cma,128815,Portrait of Constantine Phipps,other,MEDIUM,JEWELLERY_RELEVANT,DISTINCT,,0e0f755553670f0e,ffc700000000e3ff,3b18d0cec9d585fbed8ea561807bf1f7d2884af32d8a38946e4eab1ffb71b9d8,CC0 1.0 Universal (Public Domain),1263,841,NO,NO,NO,NO,YES,NO,NOT_APPLICABLE,REVIEW,REVIEW,REVIEW,NOT_APPLICABLE,UNIQUE_DESIGN,LOW,REJECT,AI-assisted first pass: non-wearable/non-jewellery candidate; human confirmation recommended.
CAND_197,datasets/curation/full_candidates/met_322359_other.jpg,met,322359,Drachm,other,MEDIUM,JEWELLERY_RELEVANT,NEAR_DUPLICATE_REVIEW_REQUIRED,cma_94957,00000e0e0e0e0000,ffffe7c3c3e7ffff,cb2a924e31564469ce931c6373ef6eff1ab218a20911d999a7cdaabc2d6cd3c0,CC0 1.0 Universal (Public Domain),600,600,NO,NO,NO,NO,YES,NO,NOT_APPLICABLE,REVIEW,REVIEW,REVIEW,NOT_APPLICABLE,UNKNOWN,LOW,REJECT,AI-assisted first pass: non-wearable/non-jewellery candidate; human confirmation recommended.
CAND_198,datasets/curation/full_candidates/met_324199_other.jpg,met,324199,Fan or fly-whisk handle in the form of four female figures,other,MEDIUM,JEWELLERY_RELEVANT,NEAR_DUPLICATE_REVIEW_REQUIRED,met_547933,07070707070f0f0f,ffe3c3c3c3c3e3ff,47f488e2320b493939cb3eec4e2d7f7eccd5835b77daa5b0204f2aa0c04e5db9,CC0 1.0 Universal (Public Domain),599,620,NO,NO,NO,NO,YES,NO,NOT_APPLICABLE,REVIEW,REVIEW,REVIEW,NOT_APPLICABLE,UNKNOWN,LOW,REJECT,AI-assisted first pass: non-wearable/non-jewellery candidate; human confirmation recommended.
CAND_199,datasets/curation/full_candidates/met_322356_other.jpg,met,322356,Tetradrachm,other,MEDIUM,JEWELLERY_RELEVANT,NEAR_DUPLICATE_REVIEW_REQUIRED,met_322359,00000e16060e0000,ffffe7c3c3e7ffff,fea9154b13948ac377c3132d1fbe04f276e87a90fcfab74f94231c3449f53939,CC0 1.0 Universal (Public Domain),600,600,NO,NO,NO,NO,YES,NO,NOT_APPLICABLE,REVIEW,REVIEW,REVIEW,NOT_APPLICABLE,UNKNOWN,LOW,REJECT,AI-assisted first pass: non-wearable/non-jewellery candidate; human confirmation recommended.
CAND_200,datasets/curation/full_candidates/met_322362_other.jpg,met,322362,Tetradrachm,other,MEDIUM,JEWELLERY_RELEVANT,NEAR_DUPLICATE_REVIEW_REQUIRED,met_322359,00000e06060e0800,ffffe7c3c3e3ffff,4e77b758628d7bd1d6a14f375906f62837127a45d17a3e3c004d0c690ca86a4a,CC0 1.0 Universal (Public Domain),600,600,NO,NO,NO,NO,YES,NO,NOT_APPLICABLE,REVIEW,REVIEW,REVIEW,NOT_APPLICABLE,UNKNOWN,LOW,REJECT,AI-assisted first pass: non-wearable/non-jewellery candidate; human confirmation recommended.
CAND_201,datasets/curation/full_candidates/met_309958_other.jpg,met,309958,Bead,other,LOW,JEWELLERY_UNCERTAIN,DISTINCT,,0733334969331f0f,fffbf9a1808181e7,98fba2c3cb01363a1d7a82c0d42257d9c3c611f164eeea55863fe6baebdab44b,CC0 1.0 Universal (Public Domain),600,596,REVIEW,REVIEW,REVIEW,REVIEW,REVIEW,REVIEW,NOT_APPLICABLE,REVIEW,REVIEW,REVIEW,REVIEW,UNIQUE_DESIGN,REVIEW,REVIEW,AI-assisted first pass: category/jewellery relevance is uncertain; inspect source image before final decision.
CAND_202,datasets/curation/full_candidates/met_466060_other.jpg,met,466060,Steelyard Weight with a Bust of a Byzantine Empress and a Hook,other,LOW,JEWELLERY_UNCERTAIN,DISTINCT,,03030313634f0f0f,fbf1e1d1b1e1e1f3,efa129d37e77b99d9e9bcb10e8f0e00619e509ff1cb7c2e253b57b3e9aba60e7,CC0 1.0 Universal (Public Domain),530,624,NO,NO,NO,NO,YES,NO,NOT_APPLICABLE,REVIEW,REVIEW,REVIEW,NOT_APPLICABLE,UNIQUE_DESIGN,LOW,REJECT,AI-assisted first pass: non-wearable/non-jewellery candidate; human confirmation recommended.
CAND_203,datasets/curation/full_candidates/met_325584_other.jpg,met,325584,Helmet with divine figures beneath a bird with outstretched wings,other,MEDIUM,JEWELLERY_RELEVANT,DISTINCT,,f80757555575330f,7fc381891c0081ff,aa9300f23f5df4d17b16d591afbbb66568e298ffa98a7caadf2e6627af38eed5,CC0 1.0 Universal (Public Domain),599,558,NO,NO,NO,NO,YES,NO,NOT_APPLICABLE,REVIEW,REVIEW,REVIEW,NOT_APPLICABLE,UNIQUE_DESIGN,LOW,REJECT,AI-assisted first pass: non-wearable/non-jewellery candidate; human confirmation recommended.
CAND_204,datasets/curation/full_candidates/met_469960_other.jpg,met,469960,Fragment of a Floor Mosaic with a Personification of Ktisis,other,LOW,JEWELLERY_UNCERTAIN,NEAR_DUPLICATE_REVIEW_REQUIRED,cma_157568,27270b2b2b270303,ff838383818181ff,61c640e552bbcc3d9acb0321f721e0d306dc2b412682fe7a2f33a507f1c9ec1c,CC0 1.0 Universal (Public Domain),599,532,NO,NO,NO,NO,YES,NO,NOT_APPLICABLE,REVIEW,REVIEW,REVIEW,NOT_APPLICABLE,UNKNOWN,LOW,REJECT,AI-assisted first pass: non-wearable/non-jewellery candidate; human confirmation recommended.
CAND_205,datasets/curation/full_candidates/met_454738_other.jpg,met,454738,Goa Stone and Gold Case,other,LOW,JEWELLERY_UNCERTAIN,DISTINCT,,00103026060f0700,00001090c0e0f3ff,5ede812d82e34f0454977607a5f99f29c8ae6395d2498ef0d4d98cca37fbe660,CC0 1.0 Universal (Public Domain),600,600,REVIEW,REVIEW,REVIEW,REVIEW,REVIEW,REVIEW,NOT_APPLICABLE,REVIEW,REVIEW,REVIEW,REVIEW,UNIQUE_DESIGN,REVIEW,REVIEW,AI-assisted first pass: category/jewellery relevance is uncertain; inspect source image before final decision.
CAND_206,datasets/curation/full_candidates/cma_97465_other.jpg,cma,97465,Cleveland Museum of Art Jewellery (97465),other,MEDIUM,JEWELLERY_RELEVANT,NEAR_DUPLICATE_REVIEW_REQUIRED,cma_124065,0000088c8e9f0fcd,00000000e7e7e7ff,e9dd5cef455675884071f5904da8a3f5a5c0470b70a2202957fe4ce332cd0b98,CC0 1.0 Universal (Public Domain),1020,893,YES,YES,YES,YES,YES,YES,REVIEW,YES,YES,REVIEW,REVIEW,SAME_DESIGN_DIFFERENT_VIEW,REVIEW,REVIEW,AI-assisted first pass: jewellery candidate flagged for near/exact duplicate comparison.
CAND_207,datasets/curation/full_candidates/cma_97474_other.jpg,cma,97474,Cleveland Museum of Art Jewellery (97474),other,MEDIUM,JEWELLERY_RELEVANT,NEAR_DUPLICATE_REVIEW_REQUIRED,cma_123778,00000c0e8e870ef8,000000c3c7e7e7ff,a0c2f232270b00b818ca4302aaba911d3e3ccd90b6c62ab20314727b71edfe39,CC0 1.0 Universal (Public Domain),816,893,YES,YES,YES,YES,YES,YES,REVIEW,YES,YES,REVIEW,REVIEW,SAME_DESIGN_DIFFERENT_VIEW,REVIEW,REVIEW,AI-assisted first pass: jewellery candidate flagged for near/exact duplicate comparison.
CAND_208,datasets/curation/full_candidates/cma_97469_other.jpg,cma,97469,Cleveland Museum of Art Jewellery (97469),other,MEDIUM,JEWELLERY_RELEVANT,NEAR_DUPLICATE_REVIEW_REQUIRED,cma_128185,8080cccf9e9f8f5d,000007e7e7e7e7ff,01fd9e2f663fa1305a8f56a4e984699b02c8b30e1d3ba44f6adafa9cc8ae27a4,CC0 1.0 Universal (Public Domain),925,893,YES,YES,YES,YES,YES,YES,REVIEW,YES,YES,REVIEW,REVIEW,SAME_DESIGN_DIFFERENT_VIEW,REVIEW,REVIEW,AI-assisted first pass: jewellery candidate flagged for near/exact duplicate comparison.
CAND_209,datasets/curation/full_candidates/met_452991_other.jpg,met,452991,Roundel,other,MEDIUM,JEWELLERY_RELEVANT,NEAR_DUPLICATE_REVIEW_REQUIRED,cma_148734,0030f0ccccf07000,00003c7e7e3c0000,01e0e9fc4bcb8e4233479aee38af8fb2df80520f44b6bc146af233fc534db260,CC0 1.0 Universal (Public Domain),513,624,YES,YES,YES,YES,YES,YES,REVIEW,YES,YES,REVIEW,REVIEW,SAME_DESIGN_DIFFERENT_VIEW,REVIEW,REVIEW,AI-assisted first pass: jewellery candidate flagged for near/exact duplicate comparison.
CAND_210,datasets/curation/full_candidates/met_733038_other.jpg,met,733038,Arganonä Maryam (The Organ of Mary) prayer book,other,LOW,JEWELLERY_UNCERTAIN,DISTINCT,,16424249494c5d16,fff0f0e0808480ff,6dc2c6cd68765b8cf11cc9cb11761303c1995f6ebb38f63c6df02298aa814a21,CC0 1.0 Universal (Public Domain),555,624,NO,NO,NO,NO,YES,NO,NOT_APPLICABLE,REVIEW,REVIEW,REVIEW,NOT_APPLICABLE,UNIQUE_DESIGN,LOW,REJECT,AI-assisted first pass: non-wearable/non-jewellery candidate; human confirmation recommended.
CAND_211,datasets/curation/full_candidates/met_316427_other.jpg,met,316427,Tumi (knife),other,LOW,JEWELLERY_UNCERTAIN,NEAR_DUPLICATE_REVIEW_REQUIRED,cma_97469,f89e8e8ccc8e8e0e,0000c3e7e7e7e7ff,42a118f9a43586de0ebd038c6946c05bf90ffd6a3776d97dc09996ee389f5b6b,CC0 1.0 Universal (Public Domain),518,624,NO,NO,NO,NO,YES,NO,NOT_APPLICABLE,REVIEW,REVIEW,REVIEW,NOT_APPLICABLE,UNKNOWN,LOW,REJECT,AI-assisted first pass: non-wearable/non-jewellery candidate; human confirmation recommended.
CAND_212,datasets/curation/full_candidates/met_310555_other.jpg,met,310555,Bird ornament,other,LOW,JEWELLERY_UNCERTAIN,DISTINCT,,30d8c8c984b4f030,00087c7c467e3c00,0d505b0bb88a74af11f41a793840d8010733b507a702eefd1fa6c30ee456ff80,CC0 1.0 Universal (Public Domain),599,549,REVIEW,REVIEW,REVIEW,REVIEW,REVIEW,REVIEW,NOT_APPLICABLE,REVIEW,REVIEW,REVIEW,REVIEW,UNIQUE_DESIGN,REVIEW,REVIEW,AI-assisted first pass: category/jewellery relevance is uncertain; inspect source image before final decision.
CAND_213,datasets/curation/full_candidates/met_473485_other.jpg,met,473485,Gold Bracteate,other,LOW,JEWELLERY_UNCERTAIN,DISTINCT,,0e0f3363431f3b0f,f7c38101008181e7,fd23b04f874663d41a0fee73995e677ff0a3b408117d90ace086be03c198c132,CC0 1.0 Universal (Public Domain),581,625,REVIEW,REVIEW,REVIEW,REVIEW,REVIEW,REVIEW,NOT_APPLICABLE,REVIEW,REVIEW,REVIEW,REVIEW,UNIQUE_DESIGN,REVIEW,REVIEW,AI-assisted first pass: category/jewellery relevance is uncertain; inspect source image before final decision.
CAND_214,datasets/curation/full_candidates/cma_148196_other.jpg,cma,148196,Cleveland Museum of Art Jewellery (148196),other,MEDIUM,JEWELLERY_RELEVANT,NEAR_DUPLICATE_REVIEW_REQUIRED,met_316427,40bc9e0e0e0e0e8f,0000c3c7e7e7e7ff,f30d02a5e48c14ce889159ea0e69509a328f1b3f40cf69bfc4ad72069bef33f7,CC0 1.0 Universal (Public Domain),599,900,YES,YES,YES,YES,YES,YES,REVIEW,YES,YES,REVIEW,REVIEW,SAME_DESIGN_DIFFERENT_VIEW,REVIEW,REVIEW,AI-assisted first pass: jewellery candidate flagged for near/exact duplicate comparison.
CAND_215,datasets/curation/full_candidates/cma_97488_other.jpg,cma,97488,Cleveland Museum of Art Jewellery (97488),other,MEDIUM,JEWELLERY_RELEVANT,NEAR_DUPLICATE_REVIEW_REQUIRED,cma_96642,8050f0f8060f0fe0,0000083cffe7ffff,a00f539a64e0780f9bed83ac701f2ae5e9a2ad48f528a2e9880df02af8c955ab,CC0 1.0 Universal (Public Domain),1011,893,YES,YES,YES,YES,YES,YES,REVIEW,YES,YES,REVIEW,REVIEW,SAME_DESIGN_DIFFERENT_VIEW,REVIEW,REVIEW,AI-assisted first pass: jewellery candidate flagged for near/exact duplicate comparison.
CAND_216,datasets/curation/full_candidates/cma_134845_other.jpg,cma,134845,Ear Ornament,other,LOW,JEWELLERY_UNCERTAIN,NEAR_DUPLICATE_REVIEW_REQUIRED,cma_125637,fef0e869793bfefe,00003c3d3fdfffff,95068ddf161eca1451a20182fb25c5b340e79f36754e1cfcdac1847677f1debd,CC0 1.0 Universal (Public Domain),689,900,REVIEW,REVIEW,REVIEW,REVIEW,REVIEW,REVIEW,NOT_APPLICABLE,REVIEW,REVIEW,REVIEW,REVIEW,UNKNOWN,REVIEW,REVIEW,AI-assisted first pass: category/jewellery relevance is uncertain; inspect source image before final decision.
CAND_217,datasets/curation/full_candidates/cma_97482_other.jpg,cma,97482,Cleveland Museum of Art Jewellery (97482),other,MEDIUM,JEWELLERY_RELEVANT,NEAR_DUPLICATE_REVIEW_REQUIRED,cma_132314,800070f06848faf0,0000183cffffffff,d7292b28d4324ad7c73d14d0157ea63d97632579c8a06054d7fc276688844547,CC0 1.0 Universal (Public Domain),900,653,YES,YES,YES,YES,YES,YES,REVIEW,YES,YES,REVIEW,REVIEW,SAME_DESIGN_DIFFERENT_VIEW,REVIEW,REVIEW,AI-assisted first pass: jewellery candidate flagged for near/exact duplicate comparison.
CAND_218,datasets/curation/full_candidates/cma_97487_other.jpg,cma,97487,Cleveland Museum of Art Jewellery (97487),other,MEDIUM,JEWELLERY_RELEVANT,NEAR_DUPLICATE_REVIEW_REQUIRED,cma_96642,0840e0e0e10723a2,0000003cffffffff,16d6bd5068ad803870a8acef2273bcaf5c30a71df1a3f6595e6378494125de6a,CC0 1.0 Universal (Public Domain),913,893,YES,YES,YES,YES,YES,YES,REVIEW,YES,YES,REVIEW,REVIEW,SAME_DESIGN_DIFFERENT_VIEW,REVIEW,REVIEW,AI-assisted first pass: jewellery candidate flagged for near/exact duplicate comparison.
CAND_219,datasets/curation/full_candidates/cma_123779_other.jpg,cma,123779,Cleveland Museum of Art Jewellery (123779),other,MEDIUM,JEWELLERY_RELEVANT,NEAR_DUPLICATE_REVIEW_REQUIRED,cma_172387,00e0646c4c4c69f8,00183c3c26e6ffff,b16db7f98642c5cf78685f0948e42c3d97c8b6707ecfe3ac1ed0688142e89964,CC0 1.0 Universal (Public Domain),809,893,YES,YES,YES,YES,YES,YES,REVIEW,YES,YES,REVIEW,REVIEW,SAME_DESIGN_DIFFERENT_VIEW,REVIEW,REVIEW,AI-assisted first pass: jewellery candidate flagged for near/exact duplicate comparison.
CAND_220,datasets/curation/full_candidates/cma_172512_other.jpg,cma,172512,Cleveland Museum of Art Jewellery (172512),other,MEDIUM,JEWELLERY_RELEVANT,DISTINCT,,ccece8ccccccf070,00247e7e7e7e3c3c,b59268b81d61055c436c806d7adddd1287a80dc13ef4af9baba3a97810db804d,CC0 1.0 Universal (Public Domain),900,695,YES,YES,YES,YES,YES,YES,REVIEW,YES,YES,REVIEW,REVIEW,UNIQUE_DESIGN,HIGH,KEEP,AI-assisted first pass: clear jewellery candidate; visually confirm quality/diversity.
CAND_221,datasets/curation/full_candidates/met_452740_other.jpg,met,452740,Seal Stone,other,LOW,JEWELLERY_UNCERTAIN,DISTINCT,,e8e8f0e0a6bcc1c1,3c3e7e7e424e7800,52e9c76083ea774c8522d0c6abc9f2078f9bf690e842133315ca7392f367f59e,CC0 1.0 Universal (Public Domain),600,565,REVIEW,REVIEW,REVIEW,REVIEW,REVIEW,REVIEW,NOT_APPLICABLE,REVIEW,REVIEW,REVIEW,REVIEW,UNIQUE_DESIGN,REVIEW,REVIEW,AI-assisted first pass: category/jewellery relevance is uncertain; inspect source image before final decision.
CAND_222,datasets/curation/full_candidates/met_323478_other.jpg,met,323478,Drachm,other,MEDIUM,JEWELLERY_RELEVANT,NEAR_DUPLICATE_REVIEW_REQUIRED,met_322359,00000e0e0e0e0800,ffffe7c3c3c7ffff,ed297fa7e5afe25bef44ede91262ecccc42d41c95d9ead532015a0436432e9db,CC0 1.0 Universal (Public Domain),600,600,NO,NO,NO,NO,YES,NO,NOT_APPLICABLE,REVIEW,REVIEW,REVIEW,NOT_APPLICABLE,UNKNOWN,LOW,REJECT,AI-assisted first pass: non-wearable/non-jewellery candidate; human confirmation recommended.
CAND_223,datasets/curation/full_candidates/cma_157184_other.jpg,cma,157184,Cleveland Museum of Art Jewellery (157184),other,MEDIUM,JEWELLERY_RELEVANT,DISTINCT,,e0d01e3e3e3a3ab6,00fc8783830000ff,60d841df2146911f6f4474589e8a42b3c6f63ca9ff6a6b6ff1d842c2f6c1ae7f,CC0 1.0 Universal (Public Domain),1182,893,YES,YES,YES,YES,YES,YES,REVIEW,YES,YES,REVIEW,REVIEW,UNIQUE_DESIGN,HIGH,KEEP,AI-assisted first pass: clear jewellery candidate; visually confirm quality/diversity.
CAND_224,datasets/curation/full_candidates/met_322611_other.jpg,met,322611,Relief panel,other,MEDIUM,JEWELLERY_RELEVANT,DISTINCT,,f2f0c4d2c4c18821,3f7f7e7a70204000,8acfe1181cb6056368150a9c2111858807e4ea04c91b1565fc3b9ae78ef708ee,CC0 1.0 Universal (Public Domain),600,609,NO,NO,NO,NO,YES,NO,NOT_APPLICABLE,REVIEW,REVIEW,REVIEW,NOT_APPLICABLE,UNIQUE_DESIGN,LOW,REJECT,AI-assisted first pass: non-wearable/non-jewellery candidate; human confirmation recommended.
CAND_225,datasets/curation/full_candidates/cma_128161_other.jpg,cma,128161,Cleveland Museum of Art Jewellery (128161),other,MEDIUM,JEWELLERY_RELEVANT,DISTINCT,,f2f0f8d4f4fcf8f8,00183c7e7e3e3e3f,3b67d31655b298146bfb66f24daa38ae4ccaba8005af15a3827b5c4b0ac8cbf1,CC0 1.0 Universal (Public Domain),1058,893,YES,YES,YES,YES,YES,YES,REVIEW,YES,YES,REVIEW,REVIEW,UNIQUE_DESIGN,HIGH,KEEP,AI-assisted first pass: clear jewellery candidate; visually confirm quality/diversity.
CAND_226,datasets/curation/full_candidates/cma_150537_other.jpg,cma,150537,Cleveland Museum of Art Jewellery (150537),other,MEDIUM,JEWELLERY_RELEVANT,NEAR_DUPLICATE_REVIEW_REQUIRED,met_469960,26262636361636be,ff838383838383df,875f16f893daf4774ac8995816b5678a4b7f768e3b48833bb601e94b40946131,CC0 1.0 Universal (Public Domain),1090,893,YES,YES,YES,YES,YES,YES,REVIEW,YES,YES,REVIEW,REVIEW,SAME_DESIGN_DIFFERENT_VIEW,REVIEW,REVIEW,AI-assisted first pass: jewellery candidate flagged for near/exact duplicate comparison.
